node_id1,node_id2,speed,type,length
173497574,855180783,50,twoway,104.67994149935697
855180783,173497574,50,twoway,104.67994149935697
173497578,856335538,30,twoway,23.127355167878875
856335538,173497578,30,twoway,23.127355167878875
173497578,173497574,50,twoway,74.6665435054264
173497574,173497578,50,twoway,74.6665435054264
173497590,856316658,30,twoway,69.06150467891632
856316658,173497590,30,twoway,69.06150467891632
173497590,856322442,50,twoway,89.67491534903925
856322442,173497590,50,twoway,89.67491534903925
173497597,3208134246,30,twoway,37.35745713360528
3208134246,173497597,30,twoway,37.35745713360528
173497601,855180927,30,twoway,55.66314499199686
855180927,173497601,30,twoway,55.66314499199686
173497607,534590997,20,oneway,89.49059719653675
173497607,855329473,default,twoway,166.65421059931322
855329473,173497607,default,twoway,166.65421059931322
173497624,855329574,default,oneway,57.64840855497344
173497624,856316920,default,twoway,158.08813622705432
856316920,173497624,default,twoway,158.08813622705432
173497631,173497624,50,oneway,12.0957605652772
173497631,7459432470,default,twoway,86.35748887624679
7459432470,173497631,default,twoway,86.35748887624679
173497631,853712324,30,twoway,84.45978669234032
853712324,173497631,30,twoway,84.45978669234032
173497631,173497643,50,twoway,58.49273151964151
173497643,173497631,50,twoway,58.49273151964151
173497637,173809678,30,twoway,15.131539056322517
173809678,173497637,30,twoway,15.131539056322517
173497643,854280847,default,twoway,77.94114613654716
854280847,173497643,default,twoway,77.94114613654716
173497643,173497637,50,twoway,115.10700109313366
173497637,173497643,50,twoway,115.10700109313366
173809678,173809697,30,twoway,17.625460980246537
173809697,173809678,30,twoway,17.625460980246537
173809678,7769709832,30,twoway,28.000580843418703
7769709832,173809678,30,twoway,28.000580843418703
173809697,173809708,30,twoway,17.148829439453742
173809708,173809697,30,twoway,17.148829439453742
173809697,853311916,default,twoway,137.55492486922654
853311916,173809697,default,twoway,137.55492486922654
173809708,173497637,30,twoway,22.68370274793003
173497637,173809708,30,twoway,22.68370274793003
173809708,216092023,50,twoway,70.27465111514235
216092023,173809708,50,twoway,70.27465111514235
173809757,353222004,default,twoway,31.262505375476437
353222004,173809757,default,twoway,31.262505375476437
173809757,8488883016,50,twoway,69.86177873800185
8488883016,173809757,50,twoway,69.86177873800185
173815313,173815314,50,twoway,88.70324437730383
173815314,173815313,50,twoway,88.70324437730383
173815313,853712311,default,twoway,92.36324790209201
853712311,173815313,default,twoway,92.36324790209201
173815314,853311948,30,twoway,69.41025000263323
853311948,173815314,30,twoway,69.41025000263323
173815314,853712315,50,oneway,140.27178745708682
173815315,853712251,50,twoway,27.940551873287934
853712251,173815315,50,twoway,27.940551873287934
173815315,853311915,50,twoway,82.64292795286818
853311915,173815315,50,twoway,82.64292795286818
173815323,534590991,30,twoway,51.103556522700146
534590991,173815323,30,twoway,51.103556522700146
173815323,853730051,50,twoway,16.735578258223192
853730051,173815323,50,twoway,16.735578258223192
173815323,856793719,50,twoway,151.77677134681232
856793719,173815323,50,twoway,151.77677134681232
173815342,853712276,50,twoway,135.98880302966748
853712276,173815342,50,twoway,135.98880302966748
173815342,856793723,50,twoway,93.77641852087997
856793723,173815342,50,twoway,93.77641852087997
173815352,860571897,80,twoway,280.756657747241
860571897,173815352,80,twoway,280.756657747241
199827628,856496879,default,twoway,140.63372363350936
856496879,199827628,default,twoway,140.63372363350936
199827628,856793763,30,twoway,30.71215784834721
856793763,199827628,30,twoway,30.71215784834721
199827632,717447867,50,twoway,74.93377021756322
717447867,199827632,50,twoway,74.93377021756322
199827654,199827659,50,twoway,7.611609979315042
199827659,199827654,50,twoway,7.611609979315042
199827659,856451702,50,twoway,58.06197130267054
856451702,199827659,50,twoway,58.06197130267054
199827659,856451745,50,twoway,85.8451761179879
856451745,199827659,50,twoway,85.8451761179879
199827682,10548897879,50,twoway,7.098409358207739
10548897879,199827682,50,twoway,7.098409358207739
199827682,3780533663,50,twoway,16.763618909507645
3780533663,199827682,50,twoway,16.763618909507645
199827703,10548897891,50,twoway,65.7569135397811
10548897891,199827703,50,twoway,65.7569135397811
199827711,857187970,50,twoway,184.03104574853919
857187970,199827711,50,twoway,184.03104574853919
199827711,199827732,50,twoway,329.5369163882186
199827732,199827711,50,twoway,329.5369163882186
199827732,199827744,50,twoway,141.10809007874622
199827744,199827732,50,twoway,141.10809007874622
199827744,3235731943,50,twoway,3.0885069657516224
3235731943,199827744,50,twoway,3.0885069657516224
199827744,857188143,50,twoway,98.82840872354835
857188143,199827744,50,twoway,98.82840872354835
216092023,245554688,50,twoway,20.208538676527123
245554688,216092023,50,twoway,20.208538676527123
216092023,11251894058,50,twoway,80.24904813023122
11251894058,216092023,50,twoway,80.24904813023122
216092050,850456741,50,twoway,13.417640954897553
850456741,216092050,50,twoway,13.417640954897553
245554688,850989064,50,twoway,41.57638472665869
850989064,245554688,50,twoway,41.57638472665869
245554688,245554700,30,twoway,9.304930838923667
245554700,245554688,30,twoway,9.304930838923667
245554700,2001272160,30,twoway,165.73026423746995
2001272160,245554700,30,twoway,165.73026423746995
245554727,10548897917,default,twoway,100.65711961045692
10548897917,245554727,default,twoway,100.65711961045692
245554727,2001277292,50,twoway,164.56678017324631
2001277292,245554727,50,twoway,164.56678017324631
289036406,7761009497,20,twoway,33.195432283316
7761009497,289036406,20,twoway,33.195432283316
289036406,534590993,30,twoway,54.92106434111092
534590993,289036406,30,twoway,54.92106434111092
289036410,856211291,30,twoway,3.0579765805686736
856211291,289036410,30,twoway,3.0579765805686736
289036412,855180904,20,twoway,91.46098570859212
855180904,289036412,20,twoway,91.46098570859212
289036412,856416767,30,oneway,117.50901707441571
289036415,173497601,20,twoway,19.59911744683056
173497601,289036415,20,twoway,19.59911744683056
289036415,855180819,30,twoway,285.05554388234395
855180819,289036415,30,twoway,285.05554388234395
289036522,2132570260,default,twoway,317.8220667997162
2132570260,289036522,default,twoway,317.8220667997162
289036522,856328015,30,twoway,33.15322848821046
856328015,289036522,30,twoway,33.15322848821046
353222004,2132570206,80,twoway,4.556559836021609
2132570206,353222004,80,twoway,4.556559836021609
415799885,853814274,30,oneway,4.050121409101051
415799885,853814129,20,twoway,65.7422693974365
853814129,415799885,20,twoway,65.7422693974365
524815320,3476769841,default,twoway,989.0858526920374
3476769841,524815320,default,twoway,989.0858526920374
524815320,10902075844,default,twoway,865.6702335174642
10902075844,524815320,default,twoway,865.6702335174642
534590991,853814269,30,twoway,83.94716946305405
853814269,534590991,30,twoway,83.94716946305405
534590991,854251010,30,oneway,55.353573541923566
534590993,534591001,30,oneway,66.31636560824822
534590997,853814173,10,oneway,37.83835509056729
534590998,289036410,30,twoway,23.234281579692855
289036410,534590998,30,twoway,23.234281579692855
534590998,415799885,30,oneway,82.09333733739372
534591001,534590998,30,oneway,67.90050707812904
534591001,856211329,default,twoway,73.4808641696759
856211329,534591001,default,twoway,73.4808641696759
717447858,3776329961,30,twoway,59.14889362517327
3776329961,717447858,30,twoway,59.14889362517327
717447867,10548897899,50,oneway,55.873739551457476
717447867,856848159,50,oneway,54.636983664662196
717447867,856535587,50,twoway,149.5437249113524
856535587,717447867,50,twoway,149.5437249113524
850160576,850160614,default,twoway,173.11694728990966
850160614,850160576,default,twoway,173.11694728990966
850160604,4874448777,30,twoway,8.678142433353043
4874448777,850160604,30,twoway,8.678142433353043
850160604,850989033,default,twoway,124.91935239472642
850989033,850160604,default,twoway,124.91935239472642
850160614,850456704,default,twoway,541.7349960701692
850456704,850160614,default,twoway,541.7349960701692
850456683,850160614,default,twoway,272.0593016121218
850160614,850456683,default,twoway,272.0593016121218
850456683,4874435717,default,twoway,5.009358468016022
4874435717,850456683,default,twoway,5.009358468016022
850456704,850456734,default,twoway,115.6901124134499
850456734,850456704,default,twoway,115.6901124134499
850456704,850456683,default,twoway,430.9569614067576
850456683,850456704,default,twoway,430.9569614067576
850456741,4874437130,default,twoway,13.734970566381499
4874437130,850456741,default,twoway,13.734970566381499
850456741,850160604,50,twoway,88.1935480454565
850160604,850456741,50,twoway,88.1935480454565
850989033,850989084,50,twoway,81.53245831316647
850989084,850989033,50,twoway,81.53245831316647
850989042,4874435719,50,twoway,9.760419940964246
4874435719,850989042,50,twoway,9.760419940964246
850989042,4874374407,default,twoway,5.094906763349618
4874374407,850989042,default,twoway,5.094906763349618
850989064,4874437121,50,twoway,22.046428952676077
4874437121,850989064,50,twoway,22.046428952676077
850989064,4902469034,default,twoway,6.16575577563562
4902469034,850989064,default,twoway,6.16575577563562
850989074,2001277292,default,twoway,377.7936223286357
2001277292,850989074,default,twoway,377.7936223286357
850989076,850989033,50,twoway,7.946531238283445
850989033,850989076,50,twoway,7.946531238283445
850989076,850989111,default,twoway,176.93726501137454
850989111,850989076,default,twoway,176.93726501137454
850989081,4878755205,50,twoway,44.867201600425275
4878755205,850989081,50,twoway,44.867201600425275
850989081,9389485771,default,twoway,61.01453764340715
9389485771,850989081,default,twoway,61.01453764340715
850989084,850456741,50,twoway,5.520608176748408
850456741,850989084,50,twoway,5.520608176748408
850989084,4874437130,default,twoway,11.4158088708355
4874437130,850989084,default,twoway,11.4158088708355
850989111,850989074,default,twoway,18.774716845518856
850989074,850989111,default,twoway,18.774716845518856
850989126,850989076,50,twoway,60.22634918102377
850989076,850989126,50,twoway,60.22634918102377
853311895,173815313,50,twoway,27.79170694378789
173815313,853311895,50,twoway,27.79170694378789
853311901,853311945,50,twoway,81.68532111711033
853311945,853311901,50,twoway,81.68532111711033
853311901,6535454864,50,twoway,79.54499439889827
6535454864,853311901,50,twoway,79.54499439889827
853311915,173815323,50,twoway,43.41743561793884
173815323,853311915,50,twoway,43.41743561793884
853311916,10024686199,default,twoway,16.54421754447299
10024686199,853311916,default,twoway,16.54421754447299
853311917,10548897913,50,twoway,47.14154289282228
10548897913,853311917,50,twoway,47.14154289282228
853311917,853311940,50,twoway,54.25707226654555
853311940,853311917,50,twoway,54.25707226654555
853311921,173815315,50,twoway,53.23436989301173
173815315,853311921,50,twoway,53.23436989301173
853311938,853311923,50,twoway,80.24291775411504
853311923,853311938,50,twoway,80.24291775411504
853311938,853311916,50,twoway,82.70294822882389
853311916,853311938,50,twoway,82.70294822882389
853311945,853311938,50,twoway,42.07388549012225
853311938,853311945,50,twoway,42.07388549012225
853311945,853311917,50,twoway,51.432429928547975
853311917,853311945,50,twoway,51.432429928547975
853311948,853311921,30,twoway,17.096553460637015
853311921,853311948,30,twoway,17.096553460637015
853311948,854270905,30,twoway,87.79117092800118
854270905,853311948,30,twoway,87.79117092800118
853712177,853712499,50,twoway,158.70627213280054
853712499,853712177,50,twoway,158.70627213280054
853712189,4878755205,default,twoway,6.439878899290379
4878755205,853712189,default,twoway,6.439878899290379
853712245,856624805,default,oneway,22.24282621932681
853712245,853814251,10,oneway,41.096395447167744
853712251,856211299,50,twoway,10.921161703129227
856211299,853712251,50,twoway,10.921161703129227
853712251,853311921,default,twoway,60.036418176205515
853311921,853712251,default,twoway,60.036418176205515
853712276,3028360598,50,twoway,4.750804413814194
3028360598,853712276,50,twoway,4.750804413814194
853712315,853712499,50,oneway,128.20371966026016
853712324,534590997,30,twoway,54.47259868420152
534590997,853712324,30,twoway,54.47259868420152
853712333,10548897912,30,oneway,40.68909424405007
853712333,854250982,default,oneway,28.09397163728166
853712404,854270908,30,twoway,13.744834678736567
854270908,853712404,30,twoway,13.744834678736567
853712404,853712324,30,twoway,157.60778456801893
853712324,853712404,30,twoway,157.60778456801893
853712448,853712177,50,twoway,88.10368341955284
853712177,853712448,50,twoway,88.10368341955284
853712448,853712276,50,oneway,170.32317817137564
853712499,853311901,50,twoway,104.68643012026791
853311901,853712499,50,twoway,104.68643012026791
853730013,853712315,50,twoway,108.50215962458792
853712315,853730013,50,twoway,108.50215962458792
853730013,853712177,50,twoway,156.37190612073547
853712177,853730013,50,twoway,156.37190612073547
853730051,173815342,50,twoway,253.4770242781096
173815342,853730051,50,twoway,253.4770242781096
853730051,853712448,50,twoway,346.00020767635726
853712448,853730051,50,twoway,346.00020767635726
853814129,289036412,20,twoway,52.91483543433504
289036412,853814129,20,twoway,52.91483543433504
853814164,853814181,10,oneway,44.41325204928092
853814173,853814201,10,oneway,13.444252613605617
853814173,855180904,default,twoway,76.60106256321205
855180904,853814173,default,twoway,76.60106256321205
853814181,853814269,10,oneway,81.99445813877954
853814201,853835366,default,twoway,34.679775489051025
853835366,853814201,default,twoway,34.679775489051025
853814201,853712245,10,oneway,81.9805894444257
853814251,853814294,default,twoway,39.91035486845983
853814294,853814251,default,twoway,39.91035486845983
853814251,853814181,10,oneway,40.046546619439454
853814269,289036406,30,oneway,56.683943867559165
853814274,853814164,20,oneway,62.79957187201728
853814274,534590993,30,oneway,94.84788531757725
853814294,855265473,30,twoway,6.8982054750207435
855265473,853814294,30,twoway,6.8982054750207435
854250982,854251010,default,oneway,35.14137236357716
854250992,854250982,default,twoway,19.269440795682396
854250982,854250992,default,twoway,19.269440795682396
854250995,856540485,30,twoway,7.668138534166333
856540485,854250995,30,twoway,7.668138534166333
854251010,853712333,30,oneway,14.42556984636034
854251011,856535592,default,twoway,126.58730681267322
856535592,854251011,default,twoway,126.58730681267322
854251011,717447858,30,twoway,72.94571740294043
717447858,854251011,30,twoway,72.94571740294043
854270905,10548875087,5,twoway,18.73131172239381
10548875087,854270905,5,twoway,18.73131172239381
854270905,853712404,30,twoway,33.59730596727423
853712404,854270905,30,twoway,33.59730596727423
854270908,854270896,default,twoway,3.1977557826257934
854270896,854270908,default,twoway,3.1977557826257934
854270908,853712245,default,twoway,74.68757774036587
853712245,854270908,default,twoway,74.68757774036587
855180691,855180632,default,twoway,31.657674352577335
855180632,855180691,default,twoway,31.657674352577335
855180691,855329564,default,twoway,32.44834326893245
855329564,855180691,default,twoway,32.44834326893245
855180759,855180746,default,twoway,2.436760443147232
855180746,855180759,default,twoway,2.436760443147232
855180759,855180902,default,twoway,13.811994736409728
855180902,855180759,default,twoway,13.811994736409728
855180783,855180819,30,twoway,5.643863257312196
855180819,855180783,30,twoway,5.643863257312196
855180783,7093180545,default,twoway,77.19982947173327
7093180545,855180783,default,twoway,77.19982947173327
855180797,855180746,default,twoway,31.940320854074827
855180746,855180797,default,twoway,31.940320854074827
855180797,855180691,default,twoway,15.828548609131744
855180691,855180797,default,twoway,15.828548609131744
855180819,534590999,30,twoway,129.20369957273786
534590999,855180819,30,twoway,129.20369957273786
855180902,855180632,default,twoway,1.893275853663516
855180632,855180902,default,twoway,1.893275853663516
855180902,855180759,default,twoway,60.08167041146332
855180759,855180902,default,twoway,60.08167041146332
855180904,289036415,20,twoway,60.34401700499439
289036415,855180904,20,twoway,60.34401700499439
855180927,855180797,default,twoway,16.46987021979115
855180797,855180927,default,twoway,16.46987021979115
855180927,173497607,30,twoway,44.77787808733939
173497607,855180927,30,twoway,44.77787808733939
855265448,289036412,30,oneway,33.08919480664288
855265473,853814129,30,twoway,24.14095077683335
853814129,855265473,30,twoway,24.14095077683335
855265473,855265448,default,oneway,49.91887098085275
855329464,855329594,30,twoway,9.943949652687847
855329594,855329464,30,twoway,9.943949652687847
855329473,855329464,30,twoway,12.251139040347015
855329464,855329473,30,twoway,12.251139040347015
855329495,2001250672,default,oneway,6.111327450857285
855329510,855329576,default,oneway,4.697427294098466
855329510,855329495,default,oneway,54.62741123826928
855329527,289036522,30,twoway,39.23553627745348
289036522,855329527,30,twoway,39.23553627745348
855329544,855329495,default,oneway,8.872840693613329
855329559,2001249564,default,twoway,30.505390099183803
2001249564,855329559,default,twoway,30.505390099183803
855329559,855329473,30,twoway,11.636408038905053
855329473,855329559,30,twoway,11.636408038905053
855329574,173497607,50,oneway,53.21120296888107
855329576,855329544,default,oneway,52.576806217115816
855329579,855329510,default,oneway,11.988685320210784
855329579,6681848208,default,oneway,56.33398695434436
855329594,855329559,30,twoway,13.430285178834282
855329559,855329594,30,twoway,13.430285178834282
855329594,245554727,50,twoway,47.40095863646474
245554727,855329594,50,twoway,47.40095863646474
856211280,3765019980,default,twoway,96.99403327344461
3765019980,856211280,default,twoway,96.99403327344461
856211280,856211329,default,twoway,55.971361764644534
856211329,856211280,default,twoway,55.971361764644534
856211291,534590999,30,twoway,32.43709966680767
534590999,856211291,30,twoway,32.43709966680767
856211299,856211320,50,twoway,10.905595203716315
856211320,856211299,50,twoway,10.905595203716315
856211300,856573717,30,oneway,183.08988822690435
856211300,854250995,30,twoway,119.79312651367286
854250995,856211300,30,twoway,119.79312651367286
856211312,856211320,default,twoway,23.24689232535897
856211320,856211312,default,twoway,23.24689232535897
856211317,856211299,default,twoway,24.133822270714624
856211299,856211317,default,twoway,24.133822270714624
856211320,853730013,50,twoway,108.41472447555584
853730013,856211320,50,twoway,108.41472447555584
856211329,534590999,default,twoway,91.42688069785513
534590999,856211329,default,twoway,91.42688069785513
856211333,856211291,default,twoway,5.162487006032683
856211291,856211333,default,twoway,5.162487006032683
856316658,856316826,30,twoway,53.15908083705742
856316826,856316658,30,twoway,53.15908083705742
856316658,2001272166,default,twoway,69.27173041033238
2001272166,856316658,default,twoway,69.27173041033238
856316826,173497597,30,twoway,81.99939422995526
173497597,856316826,30,twoway,81.99939422995526
856316826,6588964696,default,twoway,14.415539521657355
6588964696,856316826,default,twoway,14.415539521657355
856316907,6473210126,default,twoway,101.73072814850909
6473210126,856316907,default,twoway,101.73072814850909
856316907,6681848210,50,twoway,95.90904249655561
6681848210,856316907,50,twoway,95.90904249655561
856316920,855329464,30,twoway,80.09320603534498
855329464,856316920,30,twoway,80.09320603534498
856322442,2001272177,30,twoway,49.63978192024755
2001272177,856322442,30,twoway,49.63978192024755
856328015,1545096458,default,twoway,101.64185887051372
1545096458,856328015,default,twoway,101.64185887051372
856335538,173497590,30,twoway,170.29110631488453
173497590,856335538,30,twoway,170.29110631488453
856335538,173497597,default,twoway,238.88026047899723
173497597,856335538,default,twoway,238.88026047899723
856348396,173497574,50,twoway,14.64480356079627
173497574,856348396,50,twoway,14.64480356079627
856348396,10221735264,default,twoway,135.07837394328575
10221735264,856348396,default,twoway,135.07837394328575
856348397,10221735259,default,twoway,171.65704775759787
10221735259,856348397,default,twoway,171.65704775759787
856348397,856348396,50,twoway,149.84947011262923
856348396,856348397,50,twoway,149.84947011262923
856348408,856211280,default,oneway,37.30911353646188
856416756,856416749,default,twoway,11.834757564739737
856416749,856416756,default,twoway,11.834757564739737
856416756,856416740,default,twoway,10.683970831238089
856416740,856416756,default,twoway,10.683970831238089
856416767,6681848212,30,oneway,22.492835663924588
856416767,856416756,default,twoway,24.553309696775308
856416756,856416767,default,twoway,24.553309696775308
856451683,856451853,30,twoway,65.77529914050027
856451853,856451683,30,twoway,65.77529914050027
856451684,856451683,50,twoway,39.22941833280396
856451683,856451684,50,twoway,39.22941833280396
856451684,857187293,default,twoway,127.07095477940895
857187293,856451684,default,twoway,127.07095477940895
856451702,199827682,50,twoway,184.01539158259854
199827682,856451702,50,twoway,184.01539158259854
856451711,10548897866,50,twoway,139.7160140228223
10548897866,856451711,50,twoway,139.7160140228223
856451714,856451724,default,twoway,66.09389773439186
856451724,856451714,default,twoway,66.09389773439186
856451714,856451684,50,twoway,57.34929082996875
856451684,856451714,50,twoway,57.34929082996875
856451724,856451771,30,twoway,66.24094643591285
856451771,856451724,30,twoway,66.24094643591285
856451745,856451714,50,twoway,78.70699228967112
856451714,856451745,50,twoway,78.70699228967112
856451756,856451724,30,twoway,53.02598250751527
856451724,856451756,30,twoway,53.02598250751527
856451756,856535587,default,twoway,144.95707649814273
856535587,856451756,default,twoway,144.95707649814273
856451771,856451745,50,oneway,56.92214203471289
856451771,199827654,30,twoway,47.27673489571934
199827654,856451771,30,twoway,47.27673489571934
856451785,856451853,default,twoway,67.817322477744
856451853,856451785,default,twoway,67.817322477744
856451853,856211300,30,oneway,168.0024987666282
856496879,854250995,30,twoway,5.9547647475394525
854250995,856496879,30,twoway,5.9547647475394525
856535587,856451711,50,twoway,2.2472004277451103
856451711,856535587,50,twoway,2.2472004277451103
856535592,199827632,30,twoway,19.010709437339532
199827632,856535592,30,twoway,19.010709437339532
856540485,856540481,default,twoway,43.075870782078844
856540481,856540485,default,twoway,43.075870782078844
856540485,854251011,30,twoway,34.42285511834009
854251011,856540485,30,twoway,34.42285511834009
856573717,856573763,default,twoway,34.08775897829071
856573763,856573717,default,twoway,34.08775897829071
856573717,534591001,30,oneway,76.17471643698602
856573742,856573879,default,twoway,64.54551122138044
856573879,856573742,default,twoway,64.54551122138044
856573756,856573805,default,twoway,38.93337973329324
856573805,856573756,default,twoway,38.93337973329324
856573805,856496879,30,twoway,109.63880090124162
856496879,856573805,30,twoway,109.63880090124162
856573879,856573805,30,twoway,31.492006726395523
856573805,856573879,30,twoway,31.492006726395523
856573925,856573879,30,twoway,13.225628209900902
856573879,856573925,30,twoway,13.225628209900902
856624805,855265448,30,oneway,14.994373068764459
856793719,6586488408,50,twoway,24.444647498470108
6586488408,856793719,50,twoway,24.444647498470108
856793719,856793768,default,twoway,103.14174716234538
856793768,856793719,default,twoway,103.14174716234538
856793723,856793807,50,twoway,52.471489716201425
856793807,856793723,50,twoway,52.471489716201425
856793723,856793806,50,twoway,113.76972297014707
856793806,856793723,50,twoway,113.76972297014707
856793736,856793789,50,twoway,100.720552730375
856793789,856793736,50,twoway,100.720552730375
856793736,3776329538,50,twoway,69.42245336803984
3776329538,856793736,50,twoway,69.42245336803984
856793742,856793765,50,twoway,18.787825931177988
856793765,856793742,50,twoway,18.787825931177988
856793742,856793807,50,twoway,109.48696102035898
856793807,856793742,50,twoway,109.48696102035898
856793763,856535592,30,twoway,17.2267021975623
856535592,856793763,30,twoway,17.2267021975623
856793765,856793736,50,twoway,63.97874881559405
856793736,856793765,50,twoway,63.97874881559405
856793765,3776329546,default,twoway,37.197372874536
3776329546,856793765,default,twoway,37.197372874536
856793768,856793777,50,twoway,13.535286008802714
856793777,856793768,50,twoway,13.535286008802714
856793789,856848191,default,twoway,164.18515460913835
856848191,856793789,default,twoway,164.18515460913835
856793806,856793742,50,twoway,75.02363998839698
856793742,856793806,50,twoway,75.02363998839698
856793806,856793768,50,twoway,29.25903573612713
856793768,856793806,50,twoway,29.25903573612713
856793807,856793789,50,twoway,61.91412201037971
856793789,856793807,50,twoway,61.91412201037971
856793808,856793742,50,twoway,56.173633550849374
856793742,856793808,50,twoway,56.173633550849374
856793808,856793763,50,oneway,40.66150634368809
856847971,3780533665,50,twoway,145.3258866576274
3780533665,856847971,50,twoway,145.3258866576274
856847996,856847971,default,twoway,17.26703389461453
856847971,856847996,default,twoway,17.26703389461453
856847996,856793789,30,twoway,227.8881503328347
856793789,856847996,30,twoway,227.8881503328347
856848030,856848004,5,twoway,89.32471942008527
856848004,856848030,5,twoway,89.32471942008527
856848030,4366240224,30,twoway,88.32440712692124
4366240224,856848030,30,twoway,88.32440712692124
856848085,856910061,50,twoway,13.212833491340806
856910061,856848085,50,twoway,13.212833491340806
856848085,3208095289,50,twoway,42.209632467927
3208095289,856848085,50,twoway,42.209632467927
856848159,856793736,50,twoway,49.5914181313839
856793736,856848159,50,twoway,49.5914181313839
856848191,3028360598,default,twoway,179.75293345233678
3028360598,856848191,default,twoway,179.75293345233678
856848193,856848030,30,twoway,70.8635100810494
856848030,856848193,30,twoway,70.8635100810494
856910031,856848085,50,twoway,71.0671517545664
856848085,856910031,50,twoway,71.0671517545664
856910061,3208095294,50,twoway,125.90277760832
3208095294,856910061,50,twoway,125.90277760832
856910061,856910031,50,twoway,179.4766467438848
856910031,856910061,50,twoway,179.4766467438848
857187293,2001175951,default,twoway,229.78757744072567
2001175951,857187293,default,twoway,229.78757744072567
857187293,8151688681,default,twoway,207.46699560873571
8151688681,857187293,default,twoway,207.46699560873571
857187490,857188183,default,twoway,207.0790149309165
857188183,857187490,default,twoway,207.0790149309165
857187490,2001175951,default,twoway,94.79037817689868
2001175951,857187490,default,twoway,94.79037817689868
857187567,857188476,50,twoway,47.24486220138533
857188476,857187567,50,twoway,47.24486220138533
857187567,857188143,50,twoway,219.7479129574561
857188143,857187567,50,twoway,219.7479129574561
857187646,10548897897,default,twoway,76.08860878929833
10548897897,857187646,default,twoway,76.08860878929833
857187970,857187481,50,twoway,170.69811560732316
857187481,857187970,50,twoway,170.69811560732316
857187970,857187567,50,twoway,68.2814538452698
857187567,857187970,50,twoway,68.2814538452698
857188121,857188434,50,twoway,366.3142232382276
857188434,857188121,50,twoway,366.3142232382276
857188127,857188513,50,twoway,41.81535609505319
857188513,857188127,50,twoway,41.81535609505319
857188127,857188413,50,twoway,76.07627651162427
857188413,857188127,50,twoway,76.07627651162427
857188152,857188121,50,twoway,68.7787654247499
857188121,857188152,50,twoway,68.7787654247499
857188183,8151688681,50,twoway,4.568811143163247
8151688681,857188183,50,twoway,4.568811143163247
857188183,857188413,default,twoway,74.22458431417319
857188413,857188183,default,twoway,74.22458431417319
857188413,10548897878,50,twoway,41.607844377805215
10548897878,857188413,50,twoway,41.607844377805215
857188434,857188121,50,twoway,602.873994001146
857188121,857188434,50,twoway,602.873994001146
857188434,7781878136,default,twoway,70.84775920669526
7781878136,857188434,default,twoway,70.84775920669526
857188476,857188121,50,twoway,119.61241462174864
857188121,857188476,50,twoway,119.61241462174864
857188476,857187665,50,twoway,83.5961438698642
857187665,857188476,50,twoway,83.5961438698642
857188480,6586488405,30,twoway,21.513480201394476
6586488405,857188480,30,twoway,21.513480201394476
857188513,3481489202,50,twoway,43.487278954175416
3481489202,857188513,50,twoway,43.487278954175416
857188513,8489909278,default,twoway,38.20043690234976
8489909278,857188513,default,twoway,38.20043690234976
857462739,850989074,default,twoway,281.022065272605
850989074,857462739,default,twoway,281.022065272605
860571888,860571900,default,twoway,137.37630872830397
860571900,860571888,default,twoway,137.37630872830397
860571888,3028360595,default,twoway,154.1972191925648
3028360595,860571888,default,twoway,154.1972191925648
860571894,3028360584,default,twoway,30.058164962212963
3028360584,860571894,default,twoway,30.058164962212963
860571894,1145602015,default,twoway,127.15454624374742
1145602015,860571894,default,twoway,127.15454624374742
860571897,173815363,80,twoway,111.13694864018699
173815363,860571897,80,twoway,111.13694864018699
860571897,860571888,default,twoway,124.97325544544427
860571888,860571897,default,twoway,124.97325544544427
860571900,860571894,default,twoway,91.15371360374495
860571894,860571900,default,twoway,91.15371360374495
860571900,7921279288,default,twoway,95.14317010853225
7921279288,860571900,default,twoway,95.14317010853225
860628081,1013333952,default,twoway,18.829574109730444
1013333952,860628081,default,twoway,18.829574109730444
861035881,861036098,default,twoway,113.69017796086655
861036098,861035881,default,twoway,113.69017796086655
861035881,861035974,default,twoway,127.098421875887
861035974,861035881,default,twoway,127.098421875887
861035947,861035881,default,twoway,643.3448009093132
861035881,861035947,default,twoway,643.3448009093132
861036098,853712448,default,twoway,53.07116664451209
853712448,861036098,default,twoway,53.07116664451209
861036098,861036148,default,twoway,448.0603008316166
861036148,861036098,default,twoway,448.0603008316166
861036148,860571899,30,twoway,97.16037787441601
860571899,861036148,30,twoway,97.16037787441601
861263681,860628081,default,twoway,720.8208281678446
860628081,861263681,default,twoway,720.8208281678446
861263681,861263722,default,twoway,141.98468510534573
861263722,861263681,default,twoway,141.98468510534573
861263694,7781878157,default,twoway,86.93958206542503
7781878157,861263694,default,twoway,86.93958206542503
861263694,861263689,default,twoway,170.81845420317865
861263689,861263694,default,twoway,170.81845420317865
861263727,861263681,default,twoway,74.0112618084779
861263681,861263727,default,twoway,74.0112618084779
861263742,861263694,default,twoway,45.86241975770545
861263694,861263742,default,twoway,45.86241975770545
925860932,856348408,default,twoway,489.1386717352143
856348408,925860932,default,twoway,489.1386717352143
1145601965,861263727,default,twoway,388.50824140951465
861263727,1145601965,default,twoway,388.50824140951465
1145601965,3028360610,default,twoway,107.94639052957822
3028360610,1145601965,default,twoway,107.94639052957822
1145602015,3028360595,default,twoway,139.2783883126975
3028360595,1145602015,default,twoway,139.2783883126975
1145602015,3028360602,default,twoway,245.3002670386886
3028360602,1145602015,default,twoway,245.3002670386886
1545096457,353232980,default,twoway,36.387688437126954
353232980,1545096457,default,twoway,36.387688437126954
1545096458,1545096457,default,twoway,234.74811593008022
1545096457,1545096458,default,twoway,234.74811593008022
1736187492,3079126557,default,twoway,388.1907744268788
3079126557,1736187492,default,twoway,388.1907744268788
1783327901,1783327902,default,twoway,176.3928566719947
1783327902,1783327901,default,twoway,176.3928566719947
1783327902,856211300,default,twoway,136.81520011268464
856211300,1783327902,default,twoway,136.81520011268464
1783327902,3765019982,default,twoway,87.27565120592747
3765019982,1783327902,default,twoway,87.27565120592747
1785798306,7781878157,default,twoway,202.3640042303295
7781878157,1785798306,default,twoway,202.3640042303295
1785798306,861263727,default,twoway,501.28355804440093
861263727,1785798306,default,twoway,501.28355804440093
1785798329,1985617687,default,twoway,256.8499538657649
1985617687,1785798329,default,twoway,256.8499538657649
1785798329,3761185420,default,twoway,198.90404037112043
3761185420,1785798329,default,twoway,198.90404037112043
1833498968,2001175979,default,twoway,1131.3576231208845
2001175979,1833498968,default,twoway,1131.3576231208845
1833498968,7811853522,default,twoway,191.51333564492418
7811853522,1833498968,default,twoway,191.51333564492418
1985617671,4788898033,default,twoway,479.06071181575453
4788898033,1985617671,default,twoway,479.06071181575453
1985617684,1985617687,default,twoway,67.59785445457294
1985617687,1985617684,default,twoway,67.59785445457294
1985617684,3761185420,default,twoway,134.95472977954
3761185420,1985617684,default,twoway,134.95472977954
1985617687,1785798306,default,twoway,58.47796345645843
1785798306,1985617687,default,twoway,58.47796345645843
2001175951,10902019335,default,twoway,413.8363122923593
10902019335,2001175951,default,twoway,413.8363122923593
2001175955,857187490,default,twoway,145.74107292834267
857187490,2001175955,default,twoway,145.74107292834267
2001175955,7781878136,default,twoway,302.1783109990461
7781878136,2001175955,default,twoway,302.1783109990461
2001175970,4718779525,default,twoway,184.11493539681263
4718779525,2001175970,default,twoway,184.11493539681263
2001175970,2001175955,default,twoway,180.45485130316519
2001175955,2001175970,default,twoway,180.45485130316519
2001175979,1783327901,default,twoway,234.4117546497779
1783327901,2001175979,default,twoway,234.4117546497779
2001249564,855329579,default,oneway,61.92756984462559
2001249564,6681848208,default,twoway,13.611334704998173
6681848208,2001249564,default,twoway,13.611334704998173
2001250672,855329527,30,oneway,227.00080178265122
2001272160,10548897916,30,twoway,18.79143184604095
10548897916,2001272160,30,twoway,18.79143184604095
2001272160,2001272158,default,twoway,18.133964126601413
2001272158,2001272160,default,twoway,18.133964126601413
2001272166,6588964694,default,twoway,10.919502374789175
6588964694,2001272166,default,twoway,10.919502374789175
2001272177,2001272174,default,twoway,16.198761463475307
2001272174,2001272177,default,twoway,16.198761463475307
2001272177,6415776577,30,twoway,20.46676844140403
6415776577,2001272177,30,twoway,20.46676844140403
2001277287,2001277284,default,twoway,123.22407259414952
2001277284,2001277287,default,twoway,123.22407259414952
2001277287,173809757,default,twoway,294.9634537081264
173809757,2001277287,default,twoway,294.9634537081264
2001277292,245554760,50,twoway,368.46198004641695
245554760,2001277292,50,twoway,368.46198004641695
2132570206,2132570193,default,twoway,72.31029411269955
2132570193,2132570206,default,twoway,72.31029411269955
2132570206,1328444614,80,twoway,408.1489463646878
1328444614,2132570206,80,twoway,408.1489463646878
2250878234,1785798329,default,twoway,1056.062680821057
1785798329,2250878234,default,twoway,1056.062680821057
2250878304,856910031,default,twoway,461.0449452118853
856910031,2250878304,default,twoway,461.0449452118853
2963436689,850989081,50,twoway,90.15058572095955
850989081,2963436689,50,twoway,90.15058572095955
2963436689,10024716028,default,oneway,48.25133711881193
3028360584,3028360586,default,twoway,105.34187122476523
3028360586,3028360584,default,twoway,105.34187122476523
3028360584,3028360569,default,twoway,99.47767648794962
3028360569,3028360584,default,twoway,99.47767648794962
3028360586,1145601965,default,twoway,93.13578582346746
1145601965,3028360586,default,twoway,93.13578582346746
3028360595,856848191,default,twoway,99.00360329594814
856848191,3028360595,default,twoway,99.00360329594814
3028360598,173815352,50,twoway,86.16737570771689
173815352,3028360598,50,twoway,86.16737570771689
3028360602,3028360586,default,twoway,89.84803034114495
3028360586,3028360602,default,twoway,89.84803034114495
3028360602,3028360610,default,twoway,68.73994200031444
3028360610,3028360602,default,twoway,68.73994200031444
3028360610,3028360613,default,twoway,163.8380636639798
3028360613,3028360610,default,twoway,163.8380636639798
3079126542,1783327901,default,twoway,154.3638275002739
1783327901,3079126542,default,twoway,154.3638275002739
3079126552,3079126557,default,twoway,75.44396301025458
3079126557,3079126552,default,twoway,75.44396301025458
3079126557,1833498968,default,twoway,5.675574079149107
1833498968,3079126557,default,twoway,5.675574079149107
3208095285,3208095289,default,twoway,36.558239805040884
3208095289,3208095285,default,twoway,36.558239805040884
3208095289,856848193,50,twoway,983.9123449762716
856848193,3208095289,50,twoway,983.9123449762716
3208095294,3208095300,50,twoway,39.107321327154764
3208095300,3208095294,50,twoway,39.107321327154764
3208095294,3208095290,default,twoway,43.30017333118143
3208095290,3208095294,default,twoway,43.30017333118143
3208095300,3208095304,default,twoway,98.33701138989628
3208095304,3208095300,default,twoway,98.33701138989628
3208095300,199827732,50,twoway,30.881287906496844
199827732,3208095300,50,twoway,30.881287906496844
3208134246,173497601,30,twoway,40.72897841702997
173497601,3208134246,30,twoway,40.72897841702997
3208134248,3208134246,default,twoway,103.0926777874583
3208134246,3208134248,default,twoway,103.0926777874583
3235731943,199827779,50,twoway,834.8832255367266
199827779,3235731943,50,twoway,834.8832255367266
3235731943,3235731942,default,twoway,101.61545967298807
3235731942,3235731943,default,twoway,101.61545967298807
3324712677,1985617684,default,twoway,872.3916392529384
1985617684,3324712677,default,twoway,872.3916392529384
3476769841,4718779522,default,twoway,128.26376675350787
4718779522,3476769841,default,twoway,128.26376675350787
3476769841,524815320,default,twoway,107.39970079121244
524815320,3476769841,default,twoway,107.39970079121244
3481489202,856451702,50,twoway,43.62996182997083
856451702,3481489202,50,twoway,43.62996182997083
3761185420,1985617671,default,twoway,123.32676832355986
1985617671,3761185420,default,twoway,123.32676832355986
3765019980,3765019982,default,twoway,10.401705294259422
3765019982,3765019980,default,twoway,10.401705294259422
3765019982,856348408,default,twoway,110.60147825027235
856348408,3765019982,default,twoway,110.60147825027235
3776329961,856451785,default,twoway,80.81576482658436
856451785,3776329961,default,twoway,80.81576482658436
3776329961,3780533682,30,twoway,55.350303378998944
3780533682,3776329961,30,twoway,55.350303378998944
3776329964,856451756,30,twoway,90.43164488146256
856451756,3776329964,30,twoway,90.43164488146256
3776329964,3780533684,default,twoway,27.613295279635253
3780533684,3776329964,default,twoway,27.613295279635253
3780533351,3780533356,default,twoway,24.07724417247879
3780533356,3780533351,default,twoway,24.07724417247879
3780533351,3780533347,default,twoway,22.483558394477093
3780533347,3780533351,default,twoway,22.483558394477093
3780533355,3780533351,default,twoway,45.41182193263008
3780533351,3780533355,default,twoway,45.41182193263008
3780533355,3780533352,default,twoway,24.354576516394225
3780533352,3780533355,default,twoway,24.354576516394225
3780533356,3780533658,default,twoway,45.856057199384765
3780533658,3780533356,default,twoway,45.856057199384765
3780533356,3780533657,default,twoway,27.098329466272325
3780533657,3780533356,default,twoway,27.098329466272325
3780533658,3780533355,default,twoway,25.314354588620382
3780533355,3780533658,default,twoway,25.314354588620382
3780533663,856848193,50,twoway,106.13399455615308
856848193,3780533663,50,twoway,106.13399455615308
3780533663,3780533658,default,twoway,66.672827744949
3780533658,3780533663,default,twoway,66.672827744949
3780533665,856451711,50,twoway,31.580578110543712
856451711,3780533665,50,twoway,31.580578110543712
3780533667,3780533682,default,twoway,116.53812603589074
3780533682,3780533667,default,twoway,116.53812603589074
3780533682,3776329964,30,twoway,3.7873007736981417
3776329964,3780533682,30,twoway,3.7873007736981417
3780533684,3780533690,default,oneway,54.11824353556575
3780533690,856451785,default,twoway,4.041117744314433
856451785,3780533690,default,twoway,4.041117744314433
4366240172,4366240175,default,twoway,48.18515508493916
4366240175,4366240172,default,twoway,48.18515508493916
4366240175,4366240176,default,twoway,58.50203214550259
4366240176,4366240175,default,twoway,58.50203214550259
4366240175,6681848229,default,twoway,68.19572219581306
6681848229,4366240175,default,twoway,68.19572219581306
4366240179,3780533665,default,twoway,106.156535763772
3780533665,4366240179,default,twoway,106.156535763772
4366240224,4366240175,default,twoway,67.12786876294744
4366240175,4366240224,default,twoway,67.12786876294744
4366240224,856847996,30,twoway,171.89298907780233
856847996,4366240224,30,twoway,171.89298907780233
4718779522,3476769832,default,twoway,425.1428421894591
3476769832,4718779522,default,twoway,425.1428421894591
4718779525,4718779522,default,twoway,312.7012485736432
4718779522,4718779525,default,twoway,312.7012485736432
4788898033,4789422123,default,twoway,8.562242504975924
4789422123,4788898033,default,twoway,8.562242504975924
4788898033,1985617671,default,twoway,497.99283599713715
1985617671,4788898033,default,twoway,497.99283599713715
4855089227,4855089232,default,twoway,216.38580587132262
4855089232,4855089227,default,twoway,216.38580587132262
4855089232,4855089237,default,twoway,190.5419197533575
4855089237,4855089232,default,twoway,190.5419197533575
4874334393,853311915,default,twoway,16.76006459312695
853311915,4874334393,default,twoway,16.76006459312695
4874374407,4855089227,default,twoway,69.03694178309875
4855089227,4874374407,default,twoway,69.03694178309875
4874374407,4853812282,default,twoway,66.85289159236237
4853812282,4874374407,default,twoway,66.85289159236237
4874435717,850456741,default,twoway,6.138825089018158
850456741,4874435717,default,twoway,6.138825089018158
4874435717,4874374407,default,twoway,208.25077340048043
4874374407,4874435717,default,twoway,208.25077340048043
4874435718,4874435720,default,twoway,16.070946195822046
4874435720,4874435718,default,twoway,16.070946195822046
4874435719,4874435718,default,twoway,5.147076740682454
4874435718,4874435719,default,twoway,5.147076740682454
4874435719,216092050,50,twoway,183.31087138919628
216092050,4874435719,50,twoway,183.31087138919628
4874435720,4902469034,default,twoway,22.09887112009799
4902469034,4874435720,default,twoway,22.09887112009799
4874437121,850989042,50,twoway,5.605544454492346
850989042,4874437121,50,twoway,5.605544454492346
4874437121,4874435720,default,twoway,5.9053244190299745
4874435720,4874437121,default,twoway,5.9053244190299745
4874437130,216092050,default,twoway,5.278411094911526
216092050,4874437130,default,twoway,5.278411094911526
4874437130,4874435718,default,twoway,183.5336398565663
4874435718,4874437130,default,twoway,183.5336398565663
4878755205,2001277287,default,twoway,91.27091148808222
2001277287,4878755205,default,twoway,91.27091148808222
4902469034,850989111,default,twoway,123.81620902205377
850989111,4902469034,default,twoway,123.81620902205377
4902469034,245554700,default,twoway,44.814452416730255
245554700,4902469034,default,twoway,44.814452416730255
4972647917,3481489202,30,twoway,67.2999353924908
3481489202,4972647917,30,twoway,67.2999353924908
6415776500,10548897929,50,twoway,182.8737809659613
10548897929,6415776500,50,twoway,182.8737809659613
6415776577,855329527,30,twoway,44.42377223165501
855329527,6415776577,30,twoway,44.42377223165501
6415776577,6415776578,default,twoway,12.586908188383905
6415776578,6415776577,default,twoway,12.586908188383905
6415776578,6415776585,default,twoway,16.5182597696413
6415776585,6415776578,default,twoway,16.5182597696413
6415776581,6415776578,default,twoway,12.026586726629382
6415776578,6415776581,default,twoway,12.026586726629382
6415776585,6415776580,default,twoway,30.10796428265627
6415776580,6415776585,default,twoway,30.10796428265627
6415776585,6415776586,default,twoway,28.933131712450635
6415776586,6415776585,default,twoway,28.933131712450635
6472901918,853712499,50,twoway,228.48776366364575
853712499,6472901918,50,twoway,228.48776366364575
6472901918,6472901921,default,twoway,93.73273775285205
6472901921,6472901918,default,twoway,93.73273775285205
6535454864,853712189,50,oneway,28.59802460765138
6535454868,853712189,default,twoway,16.148057176967463
853712189,6535454868,default,twoway,16.148057176967463
6535454868,6535454864,50,oneway,30.95608844835404
6586488405,199827628,30,twoway,11.342273786229878
199827628,6586488405,30,twoway,11.342273786229878
6586488408,857188480,50,twoway,4.124402635957489
857188480,6586488408,50,twoway,4.124402635957489
6586488408,6586488405,default,oneway,58.423167417535346
6588964694,6588964697,default,twoway,26.44994095270541
6588964697,6588964694,default,twoway,26.44994095270541
6588964694,6588964693,default,twoway,16.502281486678477
6588964693,6588964694,default,twoway,16.502281486678477
6588964696,2001272166,default,twoway,4.582005194850924
2001272166,6588964696,default,twoway,4.582005194850924
6588964696,6588964695,default,twoway,19.726065558076787
6588964695,6588964696,default,twoway,19.726065558076787
6681848208,6681848210,default,twoway,5.830358614122598
6681848210,6681848208,default,twoway,5.830358614122598
6681848210,2001250672,30,oneway,4.870931552365588
6681848212,289036410,30,oneway,45.74738955105082
6681848212,928371906,default,twoway,56.78257523764553
928371906,6681848212,default,twoway,56.78257523764553
7093180545,856348408,default,twoway,202.4944834528437
856348408,7093180545,default,twoway,202.4944834528437
7093180545,7243376460,default,twoway,28.812982824402372
7243376460,7093180545,default,twoway,28.812982824402372
7761009497,856573925,20,twoway,22.55184070570253
856573925,7761009497,20,twoway,22.55184070570253
7761009497,7761009502,default,twoway,22.947805877975874
7761009502,7761009497,default,twoway,22.947805877975874
7769709832,853311895,50,twoway,86.05482772616888
853311895,7769709832,50,twoway,86.05482772616888
7781878157,860617070,default,twoway,90.3014365703292
860617070,7781878157,default,twoway,90.3014365703292
7811853522,2001175970,default,twoway,659.5709884535455
2001175970,7811853522,default,twoway,659.5709884535455
7921279288,860628081,default,twoway,155.6200817731599
860628081,7921279288,default,twoway,155.6200817731599
7921279288,3028360569,default,twoway,123.44205093255266
3028360569,7921279288,default,twoway,123.44205093255266
8070319943,856316907,50,twoway,36.02552666639065
856316907,8070319943,50,twoway,36.02552666639065
8151688681,857188127,50,twoway,24.45722207497143
857188127,8151688681,50,twoway,24.45722207497143
8488883016,6472901918,50,twoway,53.74372071336611
6472901918,8488883016,50,twoway,53.74372071336611
8488883016,8488883013,default,twoway,33.00439867980132
8488883013,8488883016,default,twoway,33.00439867980132
9389485771,9389485772,default,oneway,62.43180023738807
9389485772,9389485773,default,oneway,204.0504563790922
9389485773,9389485771,default,oneway,79.11352357112304
10024686199,6535454868,default,twoway,58.94364230881733
6535454868,10024686199,default,twoway,58.94364230881733
10024686203,2963436689,50,twoway,15.094319597528596
2963436689,10024686203,50,twoway,15.094319597528596
10024686203,10024686198,default,twoway,48.01626700606045
10024686198,10024686203,default,twoway,48.01626700606045
10024716027,10024716028,default,twoway,45.3388440105449
10024716028,10024716027,default,twoway,45.3388440105449
10024716028,10024686199,default,oneway,10.856790659941367
10024716030,10024641201,default,twoway,7.281887014283812
10024641201,10024716030,default,twoway,7.281887014283812
10221735253,7243376460,default,twoway,13.576146621915722
7243376460,10221735253,default,twoway,13.576146621915722
10221735253,10221735260,default,twoway,7.483140882438828
10221735260,10221735253,default,twoway,7.483140882438828
10221735259,10221735253,default,twoway,56.36187543687221
10221735253,10221735259,default,twoway,56.36187543687221
10221735260,10221735261,default,twoway,11.49119977970785
10221735261,10221735260,default,twoway,11.49119977970785
10221735260,10221735259,default,twoway,75.5305178358087
10221735259,10221735260,default,twoway,75.5305178358087
10221735261,10221735262,default,twoway,7.9989818536795045
10221735262,10221735261,default,twoway,7.9989818536795045
10221735261,10221735265,default,twoway,2.852718221269943
10221735265,10221735261,default,twoway,2.852718221269943
10221735264,10221735265,default,twoway,10.655715036266752
10221735265,10221735264,default,twoway,10.655715036266752
10221735264,7093180545,default,twoway,30.31091207112427
7093180545,10221735264,default,twoway,30.31091207112427
10221735265,10221735263,default,twoway,29.55805148822426
10221735263,10221735265,default,twoway,29.55805148822426
10548897847,10548897846,default,twoway,13.788573718073419
10548897846,10548897847,default,twoway,13.788573718073419
10548897847,10548897859,default,oneway,50.89968850195533
10548897856,10548897855,default,twoway,16.402337021882687
10548897855,10548897856,default,twoway,16.402337021882687
10548897856,856848004,default,twoway,31.832139148569638
856848004,10548897856,default,twoway,31.832139148569638
10548897859,10548897856,default,twoway,52.43826787297712
10548897856,10548897859,default,twoway,52.43826787297712
10548897859,10548897857,default,twoway,51.33355104137073
10548897857,10548897859,default,twoway,51.33355104137073
10548897865,199827654,50,twoway,16.28496677918393
199827654,10548897865,50,twoway,16.28496677918393
10548897865,10548897847,default,oneway,44.18381306456753
10548897866,10548897874,50,twoway,25.950844668316698
10548897874,10548897866,50,twoway,25.950844668316698
10548897867,10548897866,default,twoway,43.00982386795925
10548897866,10548897867,default,twoway,43.00982386795925
10548897874,10548897865,50,twoway,15.244201041140212
10548897865,10548897874,50,twoway,15.244201041140212
10548897874,10548897869,default,twoway,41.89649447540273
10548897869,10548897874,default,twoway,41.89649447540273
10548897878,199827703,50,twoway,195.76139364225222
199827703,10548897878,50,twoway,195.76139364225222
10548897879,10548897884,50,twoway,171.87303857430922
10548897884,10548897879,50,twoway,171.87303857430922
10548897879,10548897878,default,twoway,74.15321851623361
10548897878,10548897879,default,twoway,74.15321851623361
10548897884,199827703,50,twoway,9.404581618507397
199827703,10548897884,50,twoway,9.404581618507397
10548897884,10548897883,default,twoway,62.60750367212779
10548897883,10548897884,default,twoway,62.60750367212779
10548897885,10548897889,default,twoway,10.782979518450741
10548897889,10548897885,default,twoway,10.782979518450741
10548897886,10548897885,default,twoway,14.425099040688997
10548897885,10548897886,default,twoway,14.425099040688997
10548897889,10548897890,default,twoway,21.632971058644586
10548897890,10548897889,default,twoway,21.632971058644586
10548897889,10548897887,default,twoway,38.616591816290494
10548897887,10548897889,default,twoway,38.616591816290494
10548897891,10548897885,default,twoway,18.318529466926766
10548897885,10548897891,default,twoway,18.318529466926766
10548897891,199827711,50,twoway,140.13383793943183
199827711,10548897891,50,twoway,140.13383793943183
10548897897,857188143,default,twoway,91.39154835945646
857188143,10548897897,default,twoway,91.39154835945646
10548897897,10548897896,default,twoway,99.08842427535714
10548897896,10548897897,default,twoway,99.08842427535714
10548897899,717447858,50,oneway,49.39394200586101
10548897900,10548897899,default,twoway,44.566909990487574
10548897899,10548897900,default,twoway,44.566909990487574
10548897904,10548897902,default,twoway,61.349651197374996
10548897902,10548897904,default,twoway,61.349651197374996
10548897904,3765019980,default,twoway,65.3758921835416
3765019980,10548897904,default,twoway,65.3758921835416
10548897910,10548897904,default,twoway,5.449104405319798
10548897904,10548897910,default,twoway,5.449104405319798
10548897912,853712404,30,oneway,67.30082018781944
10548897912,853814181,default,twoway,74.53123129723878
853814181,10548897912,default,twoway,74.53123129723878
10548897913,853311895,50,twoway,59.65328010861613
853311895,10548897913,50,twoway,59.65328010861613
10548897914,10548897913,default,twoway,40.294820361214676
10548897913,10548897914,default,twoway,40.294820361214676
10548897915,10548897917,default,twoway,46.03144225445176
10548897917,10548897915,default,twoway,46.03144225445176
10548897916,10548897915,default,twoway,23.01109371912682
10548897915,10548897916,default,twoway,23.01109371912682
10548897916,856316920,30,twoway,48.28754426664889
856316920,10548897916,30,twoway,48.28754426664889
10548897917,856316920,default,twoway,22.486208101576423
856316920,10548897917,default,twoway,22.486208101576423
10548897918,10548897915,default,twoway,20.152678521843377
10548897915,10548897918,default,twoway,20.152678521843377
10548897921,10548897920,default,twoway,44.931118486335734
10548897920,10548897921,default,twoway,44.931118486335734
10548897921,10548897922,default,twoway,151.81909270579197
10548897922,10548897921,default,twoway,151.81909270579197
10548897922,10548897921,default,twoway,100.51499834475601
10548897921,10548897922,default,twoway,100.51499834475601
10548897929,10548897922,default,twoway,34.59278485245168
10548897922,10548897929,default,twoway,34.59278485245168
10548897929,173497578,50,twoway,124.35917323325044
173497578,10548897929,50,twoway,124.35917323325044
10902019335,2001175979,default,twoway,235.0314939428104
2001175979,10902019335,default,twoway,235.0314939428104
10902019335,7811853522,default,twoway,164.25317550495976
7811853522,10902019335,default,twoway,164.25317550495976
10902075845,4718779525,default,twoway,472.9039344585889
4718779525,10902075845,default,twoway,472.9039344585889
11251894053,10024686203,50,twoway,9.354931108466458
10024686203,11251894053,50,twoway,9.354931108466458
11251894053,11251894059,default,twoway,35.981428184165104
11251894059,11251894053,default,twoway,35.981428184165104
11251894058,11251894053,50,twoway,47.90730961538371
11251894053,11251894058,50,twoway,47.90730961538371
11251894059,11251894060,default,twoway,15.855102179392926
11251894060,11251894059,default,twoway,15.855102179392926
11251894059,11251894058,default,twoway,50.54801239982872
11251894058,11251894059,default,twoway,50.54801239982872
