node_id,lon,lat
54714150,-2.0286903,48.6172487
54715040,-2.0361821,48.6158072
54715043,-2.036489,48.6164326
54715055,-2.038027,48.6187037
54715060,-2.0394667,48.6188171
54715064,-2.0405239,48.6189944
54715069,-2.0422203,48.6205517
54715080,-2.0479446,48.6231714
54715093,-2.0494921,48.624205
54715101,-2.0503217,48.6240736
54716308,-2.0487741,48.6363237
54716815,-2.0670813,48.638015
54716820,-2.0666954,48.6364182
54717001,-2.0544232,48.6259894
54717006,-2.0553799,48.6278893
54717030,-2.0506,48.6337008
54717872,-2.0676964,48.636273
54717876,-2.0700566,48.6359865
54717881,-2.0732958,48.6338336
221771040,-2.0466465,48.6230468
221771056,-2.0473968,48.6238848
221771063,-2.0469611,48.623943
221811364,-2.0468572,48.6239794
221811482,-2.0468392,48.6246033
221811498,-2.046618,48.6246398
221811852,-2.0439833,48.625166
221811915,-2.0438047,48.6251088
221812425,-2.0414615,48.6255006
221814076,-2.0303649,48.6232096
221814269,-2.0380531,48.6215931
221814275,-2.0374054,48.6221193
249545034,-2.0712503,48.6340713
249545042,-2.0638154,48.6306743
249579814,-2.0484399,48.6361209
249580963,-2.0439962,48.6135656
249580991,-2.0579903,48.6134721
285593654,-2.0685024,48.6113716
285593679,-2.0580568,48.6128343
285593684,-2.0574892,48.6126429
285593686,-2.0570818,48.6127173
285593689,-2.0569231,48.6128064
285593693,-2.0573033,48.6136003
285593748,-2.0514965,48.6156727
285593751,-2.0532286,48.6157373
285593791,-2.0515851,48.6161715
285593815,-2.0577691,48.6218077
285593822,-2.0575197,48.6188687
285593830,-2.0546157,48.6247182
285593850,-2.0534939,48.6351827
285593859,-2.0557907,48.627851
308127975,-2.0554372,48.634747
308127979,-2.0551743,48.6349569
308127986,-2.0536222,48.6337784
370395309,-2.0305206,48.6344757
370395312,-2.0307098,48.6343377
370395323,-2.0311389,48.6347219
370395327,-2.0310793,48.6348287
442216128,-2.0532916,48.6132704
442216131,-2.0569912,48.6134945
443411235,-2.0907589,48.6209324
443411242,-2.0816925,48.625345
443411244,-2.0793179,48.6259649
443419012,-2.0575887,48.6150084
443419013,-2.0578183,48.6149898
443419016,-2.0579817,48.6151074
443419018,-2.0576127,48.6153026
443778584,-2.0591425,48.6235477
443778589,-2.0590804,48.6233792
443778596,-2.0733187,48.6271674
443778600,-2.0735884,48.6271379
443778602,-2.0751509,48.6289332
443778608,-2.0594021,48.6246035
443778611,-2.0593297,48.6264303
443778613,-2.0593608,48.6273551
443778614,-2.0593764,48.6274484
443778618,-2.0594401,48.6274487
443778621,-2.061565,48.6288249
443778622,-2.0598561,48.6306059
443778624,-2.0548489,48.6336671
443778625,-2.0545889,48.6351743
443778628,-2.0583154,48.6305727
443778630,-2.0567661,48.6315738
443778632,-2.0568725,48.633009
443803503,-2.05609,48.624447
443803505,-2.0568122,48.6235624
444641894,-2.0850744,48.6322276
444641921,-2.0837727,48.6340835
444641924,-2.0814962,48.634361
444641926,-2.0833365,48.6333664
444641927,-2.0814145,48.633698
444641929,-2.0831956,48.6331244
444641930,-2.0813442,48.6334204
444641933,-2.0812008,48.6307632
444641937,-2.0842087,48.6299645
461965460,-2.0617548,48.6232655
487268973,-2.0676172,48.6358747
487269024,-2.0647629,48.6332828
534726927,-2.0729756,48.6340533
534726930,-2.0691988,48.6340853
534726943,-2.0596905,48.6331989
534726946,-2.0561589,48.6342811
534726948,-2.0560565,48.6344519
534726974,-2.0527387,48.6307287
534726978,-2.052399,48.6313957
534726984,-2.0514326,48.6323956
534726992,-2.0517927,48.6350977
534726994,-2.0506044,48.6341892
569645857,-2.0675074,48.6307222
597729407,-2.0286559,48.6171666
597729421,-2.0535652,48.6131781
597729433,-2.0617198,48.6135217
597729435,-2.0608512,48.6133564
639827376,-2.0782048,48.6349462
639827378,-2.0789412,48.6355284
639827380,-2.079598,48.6360312
639827387,-2.0713431,48.6353575
639827391,-2.0714891,48.6363416
639827393,-2.072251,48.6363692
639827394,-2.0754742,48.6356655
639827395,-2.0741412,48.6359701
639827398,-2.0701816,48.6355322
639827400,-2.0695946,48.6356142
639827404,-2.0704581,48.6357585
639827406,-2.0705315,48.636139
639827408,-2.0702162,48.635865
639827410,-2.0679472,48.6362981
639827414,-2.0687949,48.6376176
639827421,-2.0684839,48.6382721
639827429,-2.0674686,48.6376421
639827431,-2.0676757,48.6384862
639827434,-2.0675433,48.6379495
639827439,-2.0638407,48.6309756
639827444,-2.0566367,48.6334992
639938587,-2.0683121,48.6375134
639938591,-2.0677155,48.637604
639938599,-2.0661183,48.6364705
639938603,-2.0667618,48.6365901
639938607,-2.0649497,48.6377736
639938610,-2.0643141,48.6378268
643551231,-2.0616748,48.6387947
643551235,-2.0616936,48.6391362
643551237,-2.0617078,48.6402675
643551244,-2.0574363,48.6375109
643551247,-2.0585839,48.6389222
643551253,-2.0580154,48.6390424
643551262,-2.0569345,48.6370884
643551269,-2.0567521,48.637315
643551295,-2.056565,48.6372617
643551316,-2.0588653,48.6393353
643551318,-2.059,48.6395915
643551322,-2.0573377,48.6392403
643969393,-2.0554452,48.6300402
643969398,-2.0609842,48.6330768
643969404,-2.0637203,48.6341025
643969406,-2.0633719,48.6341139
643969409,-2.0634237,48.6344185
643969411,-2.0633055,48.6345641
643969413,-2.06316,48.6347479
643969417,-2.0629319,48.6349324
643969425,-2.0625025,48.6340883
643969427,-2.0622721,48.6348317
643969435,-2.0583376,48.633322
643969436,-2.0582354,48.6335545
643969439,-2.0581034,48.6339365
643969440,-2.0594112,48.6336894
643969443,-2.0595949,48.6334109
643969453,-2.0593438,48.6341703
643969454,-2.0540114,48.6298232
644660692,-2.0707549,48.6129817
644660704,-2.0676522,48.6244845
677652838,-2.0578593,48.6357684
677652842,-2.0583549,48.6350758
677652865,-2.0489559,48.6364071
677652868,-2.0489488,48.6363158
677652889,-2.0613969,48.6369792
677652894,-2.0582328,48.6373055
684562520,-2.029594,48.6365839
686512488,-2.0291924,48.6370722
729700399,-2.0878517,48.6179803
729700403,-2.0804341,48.6234078
732986395,-2.0730478,48.6361803
732986398,-2.0716485,48.6352159
732986400,-2.0743159,48.6359359
732986403,-2.0714865,48.6352989
732986405,-2.0745736,48.6375245
732986408,-2.0719824,48.6349729
732986415,-2.0736647,48.635138
732986418,-2.0724553,48.636315
739032250,-2.0691275,48.6356967
739032253,-2.068155,48.6359391
739032264,-2.0720637,48.6373996
739032269,-2.0717884,48.638098
739032272,-2.0697397,48.6383537
739032276,-2.0692596,48.6359795
739032278,-2.0706136,48.6371588
739032283,-2.068019,48.6363031
739032285,-2.0754615,48.6382834
739032288,-2.0697432,48.6383213
748412047,-2.0676569,48.6339655
749992935,-2.0655143,48.6370549
749992943,-2.0653314,48.6365554
749992944,-2.0606069,48.6392216
749992954,-2.0584837,48.6396851
750015904,-2.0750527,48.639852
759991873,-2.0704922,48.6319276
759991874,-2.0707451,48.6275154
760000632,-2.0676565,48.6362924
760000633,-2.0660682,48.6385217
760000635,-2.0658084,48.6378249
760000636,-2.0673677,48.6363425
760718238,-2.0624567,48.6360562
760718239,-2.0636766,48.6367337
760718240,-2.0633343,48.6380545
760718242,-2.0653375,48.638695
760718243,-2.0626138,48.6368438
760718244,-2.0639262,48.6386359
760718245,-2.0649969,48.6377858
767864040,-2.0589217,48.6394732
770007804,-2.0630815,48.6349558
770007805,-2.0634889,48.636753
770007806,-2.0648142,48.6366065
770007808,-2.0617471,48.6397409
770007810,-2.0627619,48.6384086
770007813,-2.0590784,48.6372196
770007815,-2.0628205,48.6371733
770007816,-2.0645884,48.6352882
770007820,-2.060153,48.6384957
770007824,-2.0621889,48.6372266
770007826,-2.0614543,48.637266
770007828,-2.0569799,48.6381546
776280666,-2.0676133,48.6323966
776280669,-2.0673534,48.6340339
776280671,-2.0641957,48.6347485
776280676,-2.0676215,48.6342891
776280680,-2.0676115,48.6351137
776280682,-2.0656734,48.6342388
776280684,-2.0643739,48.6335505
776280687,-2.0659687,48.6345727
776280690,-2.0652949,48.6338284
776280692,-2.0665563,48.6351854
776280696,-2.0650609,48.6331114
780353653,-2.0598434,48.636598
780353662,-2.0603887,48.6370736
780353666,-2.0614487,48.6361775
780353667,-2.0630759,48.6358222
780353671,-2.0577741,48.6350478
780353674,-2.0619984,48.6353183
780353679,-2.0570412,48.6336376
780353682,-2.0594994,48.6358902
780353685,-2.0597081,48.6366241
780353688,-2.0614347,48.6352914
780353690,-2.0621643,48.6368934
780353692,-2.0588582,48.6351775
780353693,-2.0583935,48.6356577
780353698,-2.056752,48.6341943
780353705,-2.0619806,48.6361357
780353706,-2.0617623,48.635686
780353708,-2.0580314,48.6354807
780353711,-2.0552202,48.6349124
780353717,-2.0616617,48.6358425
780353718,-2.0603425,48.635679
782604765,-2.0649601,48.6270111
782604778,-2.0647237,48.6236535
798483080,-2.0710833,48.6309339
798483097,-2.0718122,48.6309498
798483109,-2.0811775,48.6378668
798483111,-2.0755668,48.6297521
798483173,-2.0705296,48.6309186
798483202,-2.080785,48.6371963
798483236,-2.0575563,48.6171777
798483241,-2.0719539,48.6309491
798483266,-2.0807731,48.6380692
798483294,-2.0730249,48.6393102
835538341,-2.0821711,48.6358995
835538347,-2.0807153,48.6366512
835538774,-2.050992,48.6336911
846259556,-2.0445554,48.6106397
846259561,-2.0444833,48.6129828
846259662,-2.054669,48.6144794
846259739,-2.0480987,48.6141887
846259755,-2.040748,48.6124826
846259980,-2.0492194,48.6133968
846260228,-2.0338703,48.6137449
846260348,-2.034115,48.613986
846260445,-2.047203,48.6133637
846260476,-2.0459831,48.6128101
846260519,-2.0335805,48.6134273
847099302,-2.036112,48.6146285
847099310,-2.0333023,48.6165253
847099324,-2.0513697,48.6153325
847099339,-2.0359355,48.615277
847099340,-2.0388947,48.614078
847099343,-2.031203,48.6166981
847099348,-2.0529217,48.6148209
847099357,-2.0371824,48.6177623
847099361,-2.0354895,48.6180723
847099374,-2.0362802,48.6186952
847099377,-2.0329988,48.6191449
847099392,-2.0514037,48.6156137
847099404,-2.0351268,48.6174394
847099419,-2.0544029,48.6157012
847099439,-2.0317529,48.6174421
847099461,-2.0352417,48.6166894
847099465,-2.0402935,48.6148284
847099470,-2.0464883,48.6148074
847099480,-2.0326834,48.6186907
847099485,-2.0510135,48.6156056
847099486,-2.0372431,48.6165063
847099488,-2.0345115,48.616222
847099506,-2.052841,48.6144248
847099515,-2.0323402,48.6188793
847099518,-2.0373896,48.6158865
847099532,-2.0340511,48.6190799
847099567,-2.0389722,48.6150036
847099590,-2.0353524,48.6193817
847099598,-2.0401989,48.61383
847099603,-2.0319883,48.6177801
847099626,-2.0350323,48.6184453
847099628,-2.0401244,48.6152539
847099641,-2.0383397,48.6141225
847099644,-2.0344556,48.6162358
847099645,-2.0370951,48.6158416
847099647,-2.0342407,48.619385
847099653,-2.0562772,48.6159695
847099655,-2.0370547,48.6146392
847099674,-2.0378383,48.6186172
847099676,-2.0378684,48.6186366
847099693,-2.0383641,48.6159236
847099701,-2.03675,48.6157276
847099718,-2.0340545,48.6185448
847099720,-2.0353314,48.6154658
847099723,-2.0297374,48.6171989
847099727,-2.0339652,48.6181787
847099736,-2.035889,48.619048
847099743,-2.0360961,48.6156513
847099752,-2.0530798,48.6153852
847099756,-2.0338366,48.6186962
847099758,-2.0370809,48.6178995
849651829,-2.0410878,48.6245396
849651849,-2.0441989,48.6154911
849651850,-2.0430202,48.6227777
849651852,-2.0473603,48.62226
849651877,-2.0319309,48.6246959
849651895,-2.0334682,48.6258215
849651900,-2.0439639,48.6211746
849651906,-2.0374615,48.6227352
849651916,-2.0401809,48.6223018
849651919,-2.035704,48.6240843
849651943,-2.0460602,48.6149704
849651952,-2.049901,48.6207421
849651970,-2.0324623,48.6230004
849651979,-2.0322098,48.6238253
849651983,-2.0505511,48.6209588
849651987,-2.036462,48.6242605
849651993,-2.0355966,48.624431
849652000,-2.0462977,48.6204476
849652013,-2.0410306,48.6204888
849652018,-2.0437335,48.6163693
849652022,-2.0403123,48.6220619
849652031,-2.0340876,48.6232084
849652037,-2.0575665,48.6191535
849652041,-2.0426609,48.6218771
849652048,-2.0449364,48.6208884
849652091,-2.0453257,48.6217522
849652093,-2.0326571,48.6223326
849652109,-2.0513579,48.620995
849652116,-2.035067,48.6250288
849652119,-2.0457358,48.6199946
849652126,-2.0360032,48.6245067
849652131,-2.03337,48.6250349
849652141,-2.0404616,48.6189681
849652151,-2.0445786,48.6200108
849652154,-2.0418601,48.6201241
849652186,-2.0373678,48.6212099
849652197,-2.0354325,48.6234387
849652199,-2.0344156,48.6224945
849652202,-2.0374836,48.6229422
849652217,-2.0420227,48.6203171
849652218,-2.035748,48.6225908
849652227,-2.0428218,48.6219986
849652251,-2.0450018,48.6170728
849652257,-2.0502224,48.6209255
849652263,-2.037676,48.6248131
849652265,-2.0460369,48.6164636
849652312,-2.0426541,48.6214347
849652323,-2.0333206,48.6204464
849652329,-2.0465833,48.6230424
849652350,-2.036296,48.6245595
849652357,-2.033743,48.6240915
849652364,-2.0468105,48.6226449
849652404,-2.0352048,48.6204305
849652423,-2.0369513,48.6220131
849652434,-2.0405875,48.6234527
849652436,-2.0348142,48.6215133
849652466,-2.0384827,48.6227709
849652473,-2.0436079,48.6169404
849652487,-2.0446553,48.621402
849652491,-2.0434437,48.6177191
849652493,-2.0375685,48.6237006
849652501,-2.0450047,48.6182014
849652521,-2.041376,48.6234135
851261551,-2.05366,48.6334323
851261564,-2.0562262,48.6336689
851261566,-2.0631066,48.6317708
851261577,-2.0581327,48.6325282
851261578,-2.057705,48.6274788
851261580,-2.0527685,48.6338641
851261581,-2.0620308,48.6326605
851261589,-2.0620397,48.6329694
851261600,-2.061271,48.6317427
851261602,-2.0546855,48.634609
851261608,-2.0549267,48.6332072
851261628,-2.0585126,48.6325718
851261635,-2.0564259,48.6302519
851261648,-2.0578302,48.6330112
851261652,-2.0607482,48.6306188
851261655,-2.0604239,48.6317194
851261659,-2.0578524,48.6268354
851261661,-2.0568183,48.6266558
851261664,-2.0527025,48.6331312
851261685,-2.0512612,48.6197874
851261693,-2.0507902,48.6343741
851261697,-2.0604336,48.6300073
851261699,-2.0639362,48.6317881
851261710,-2.0538001,48.6321496
851261720,-2.0538427,48.6317033
851261722,-2.0535512,48.63454
851261729,-2.0593285,48.627413
851261740,-2.0547436,48.6342738
851261743,-2.0599006,48.6327689
851261753,-2.0575009,48.6283928
851261755,-2.0586711,48.6295487
851261761,-2.0586837,48.6266039
851261772,-2.0611278,48.6327065
851261778,-2.0584138,48.6330392
851261781,-2.055317,48.6308413
851261783,-2.0555461,48.6293867
851261785,-2.0470636,48.6199213
851261802,-2.0589886,48.6315288
851261809,-2.0527123,48.6334305
851261812,-2.0552346,48.6313262
851261815,-2.0597604,48.6296375
851261822,-2.0552724,48.6311004
851261824,-2.0575684,48.6274905
851261825,-2.052725,48.6351765
851261832,-2.0536864,48.6331906
851261838,-2.0548905,48.6334097
851261847,-2.0585846,48.6254101
851261850,-2.0506758,48.6194675
851261859,-2.0619498,48.6317543
851261861,-2.0634004,48.6306589
851261864,-2.0578947,48.6263894
851261871,-2.0549964,48.6327895
851261876,-2.0495737,48.6189112
851261878,-2.0561808,48.6293804
851261885,-2.0596322,48.6306027
851261894,-2.0551656,48.6317585
851261903,-2.0587723,48.6274311
851261910,-2.0535853,48.6342143
851261914,-2.0564643,48.6293769
851261920,-2.0574663,48.6311759
851261922,-2.0622473,48.6293029
851261930,-2.052739,48.6344886
851261932,-2.0526507,48.630825
851261935,-2.0577424,48.633383
851261938,-2.0570165,48.6270515
851261941,-2.0592402,48.6252832
851261944,-2.0491009,48.6178134
851261959,-2.0575444,48.6293669
851261961,-2.0577089,48.6310456
851261965,-2.0539055,48.6310076
851261968,-2.0595091,48.6316812
851261972,-2.0558958,48.6268115
853356275,-2.0685627,48.617941
853356282,-2.0633394,48.6256621
853356285,-2.0665387,48.6200105
853356287,-2.0594841,48.6273861
853356290,-2.0728392,48.6290252
853356299,-2.0625349,48.6223453
853356311,-2.0614687,48.6306283
853356315,-2.0680081,48.6249998
853356344,-2.0737348,48.6296469
853356367,-2.0674404,48.6268758
853356394,-2.0588756,48.6181221
853356400,-2.0531333,48.6157309
853356403,-2.0544532,48.6169141
853356417,-2.0515153,48.617217
853356422,-2.0607468,48.6251864
853356432,-2.0692345,48.619932
853356464,-2.068119,48.6248219
853356489,-2.0545433,48.617822
853356492,-2.0686788,48.6185169
853356496,-2.0593317,48.6162895
853356524,-2.0733979,48.6286682
853356529,-2.0664511,48.6177381
853356539,-2.0742774,48.6293398
853356567,-2.0627011,48.6248289
853356571,-2.0706658,48.6270742
853356572,-2.0500452,48.6166059
853356582,-2.0633763,48.6272291
853356591,-2.0627206,48.6276393
853356600,-2.0673457,48.6280417
853356602,-2.0626254,48.6225178
853356620,-2.0631137,48.6173753
853356631,-2.0648417,48.6256354
853356636,-2.0603771,48.6187229
853356639,-2.0614531,48.6266118
853356650,-2.0642768,48.6287577
853356681,-2.0649093,48.6262701
853356703,-2.0710109,48.6283333
853356708,-2.0666591,48.6205278
853356712,-2.0610133,48.6169339
853356725,-2.0660615,48.6283562
853356738,-2.0563118,48.618358
853356750,-2.0674444,48.630043
853356756,-2.0515663,48.6165929
853356772,-2.0733657,48.6273731
853356796,-2.0680848,48.6212815
853356798,-2.070628,48.6302357
853356801,-2.0599112,48.6165718
853356804,-2.0524524,48.6165576
853356806,-2.0549064,48.6169179
853356817,-2.0608184,48.6256389
853356825,-2.0607495,48.6152484
853356835,-2.0669427,48.6224406
853356841,-2.0618285,48.6265102
853356845,-2.0613588,48.6266574
853356867,-2.0710878,48.6282085
853356875,-2.0633272,48.6280706
853356886,-2.0674833,48.6289381
853356896,-2.0631339,48.6300145
853356909,-2.0660865,48.6246622
853356919,-2.0647636,48.6247424
853356920,-2.0610952,48.6232403
853356923,-2.0626248,48.6251189
853356933,-2.0742824,48.6302341
853356946,-2.0676991,48.6255443
853356948,-2.0629766,48.621803
853356952,-2.0622248,48.6172061
853356953,-2.0658676,48.6283429
853356955,-2.0562734,48.6187919
853356969,-2.0728774,48.6277649
853356972,-2.0594531,48.6263916
853356977,-2.0668734,48.621356
853356979,-2.059345,48.6185516
853356994,-2.0547624,48.6170027
853356997,-2.0707545,48.6281993
853357000,-2.0707541,48.6289586
853357007,-2.0673551,48.6197933
853357010,-2.0593494,48.6248477
853357030,-2.0661447,48.6189868
853357035,-2.0608953,48.6177593
853357039,-2.0720859,48.6298356
853357040,-2.0732645,48.6299259
853357042,-2.0526611,48.6166842
853357048,-2.0694196,48.6214467
853357050,-2.0628335,48.6244278
853357053,-2.0720082,48.6304632
853357060,-2.0647711,48.6246722
853357063,-2.0647096,48.6240474
853357077,-2.0631486,48.6234315
853357088,-2.0719441,48.6279375
853357120,-2.066981,48.6240532
853357121,-2.0647386,48.6243517
853357124,-2.0601593,48.627891
853357138,-2.0700727,48.6300999
853357143,-2.0604708,48.6161114
853357163,-2.0621581,48.6233058
853357170,-2.061329,48.6150112
853357190,-2.0605014,48.6183909
853357191,-2.0607107,48.6269666
853357192,-2.0730695,48.6306788
853357214,-2.0726192,48.6302074
854959407,-2.0737677,48.6322519
854959408,-2.0691131,48.6253199
854959417,-2.0791152,48.6309298
854959419,-2.0761167,48.6277161
854959426,-2.0754461,48.6294238
854959440,-2.0803049,48.631049
854959442,-2.0691121,48.6155664
854959445,-2.074224,48.6324625
854959470,-2.0771843,48.6282128
854959472,-2.0753628,48.6305376
854959480,-2.0735256,48.6161738
854959485,-2.0694295,48.6213175
854959487,-2.0730609,48.633204
854959510,-2.0691412,48.6327279
854959513,-2.0769032,48.62932
854959524,-2.076182,48.6313519
854959557,-2.0777334,48.6264018
854959566,-2.075315,48.6267602
854959567,-2.0731229,48.627569
854959572,-2.0737985,48.6269872
854959574,-2.0754921,48.6308909
854959584,-2.078701,48.631079
854959591,-2.0714575,48.6320619
854959595,-2.071606,48.6223374
854959610,-2.0788448,48.6292522
854959637,-2.0724412,48.6165679
854959638,-2.0715093,48.618146
854959643,-2.0686601,48.6337938
854959665,-2.074749,48.6321441
854959674,-2.0808089,48.6319146
854959683,-2.0720445,48.6317083
854959687,-2.075199,48.6276177
854959689,-2.073786,48.6274268
854959695,-2.0733597,48.6313301
854959702,-2.0774782,48.629229
854959705,-2.0721361,48.6320687
854959723,-2.0751483,48.6299092
854959726,-2.0710473,48.6201302
854959727,-2.0758721,48.6371055
854959728,-2.0682744,48.6329134
854959732,-2.0688424,48.6322804
854959750,-2.0747688,48.6350609
854959765,-2.0761478,48.6282876
854959771,-2.0713153,48.6190064
854959776,-2.0811807,48.6326845
854959795,-2.0687443,48.6340768
854959799,-2.0762243,48.6298105
854959815,-2.0777199,48.6313407
854959817,-2.0729374,48.6166537
854959833,-2.0700173,48.6319935
854959834,-2.0731301,48.6228793
854959845,-2.07714,48.6113662
854959850,-2.0744227,48.6347773
854959862,-2.0759815,48.62873
854959863,-2.0728062,48.6315264
854959872,-2.0759398,48.6306832
854959889,-2.0725869,48.6202143
871121418,-2.0601894,48.6140628
871121420,-2.0586576,48.614926
871121425,-2.0627129,48.6144897
871121432,-2.0623893,48.6141996
871121445,-2.0583205,48.6144178
871122342,-2.0640392,48.6138424
871122346,-2.0640364,48.6136978
871122360,-2.0638224,48.6135243
912548752,-2.0479119,48.6382251
1098941431,-2.0315647,48.6237167
1292684587,-2.0315186,48.6194462
1292684610,-2.0316858,48.6192875
1307727254,-2.0525041,48.6219183
1307727255,-2.0525392,48.6217072
1307727260,-2.0519732,48.6243213
1307727262,-2.0525556,48.6240669
1307727268,-2.052361,48.6227161
1307727275,-2.0530497,48.6233795
1307727276,-2.0532708,48.6228308
1310592499,-2.0321026,48.6171783
1310592512,-2.0306154,48.6172598
1310592532,-2.0314972,48.6165675
1310592535,-2.0295445,48.6167008
1310592543,-2.030793,48.61553
1364922761,-2.0575451,48.6152692
1364922771,-2.0578774,48.6176269
1364922772,-2.0564292,48.615283
1364922774,-2.0560537,48.6147382
1364922786,-2.0578943,48.6152837
1364922791,-2.0574839,48.6151018
1364922794,-2.0574956,48.616143
1364922805,-2.0575609,48.6171463
1364922810,-2.0577124,48.6135867
1364922819,-2.0571312,48.6152655
1364922821,-2.0566037,48.6153112
1364922824,-2.0584345,48.6170925
1364922827,-2.0579904,48.6171173
1364922839,-2.0579604,48.6161465
1364922842,-2.0580106,48.6165499
1384373881,-2.0565809,48.6318652
1397213081,-2.0572054,48.6190452
1397213113,-2.0577605,48.6206992
1397213116,-2.0578464,48.6205502
1397213131,-2.0580954,48.6208698
1397223122,-2.0576454,48.616385
1407140784,-2.0412422,48.6128435
1407195898,-2.0404461,48.6129116
1407195899,-2.034354,48.6142211
1407195901,-2.0390773,48.6145579
1407195902,-2.0377722,48.6146065
1407195908,-2.0385382,48.615928
1407195909,-2.0385302,48.616214
1644113369,-2.0548241,48.6347655
1644113372,-2.0546559,48.6348034
1644113373,-2.0547259,48.6343757
1644113374,-2.0548723,48.6344158
1648475468,-2.0564325,48.633544
1648475490,-2.0698193,48.6377106
1648475494,-2.0749974,48.6376213
1650790158,-2.0651695,48.6305931
1650790159,-2.0653186,48.630518
1650790188,-2.0653347,48.630599
1678157977,-2.071448,48.622578
1678157979,-2.068748,48.6230527
1678166562,-2.0700598,48.6232191
1678166563,-2.0704065,48.6226365
1678462109,-2.0486178,48.6196762
1678462111,-2.0496734,48.6213919
1678462114,-2.0517449,48.6220635
1678462133,-2.0551954,48.6220614
1678462146,-2.0492373,48.6197659
1678462163,-2.057342,48.6225584
1678462165,-2.0503558,48.6203855
1678462182,-2.0493151,48.6209032
1678462190,-2.0471484,48.6199948
1678462196,-2.0536179,48.6242103
1678462207,-2.0548628,48.624655
1690441235,-2.0651005,48.6237036
1690441239,-2.0663255,48.6238806
1690470228,-2.0589669,48.6235037
1690470231,-2.0592194,48.623451
1721972138,-2.0617336,48.625573
1721972149,-2.0617254,48.6248882
1721972162,-2.0623346,48.6257514
1721972165,-2.0630178,48.6238365
1722029948,-2.0474705,48.619034
1722029949,-2.0394037,48.6136139
1722029960,-2.0401098,48.6134344
1722029963,-2.0456891,48.6190521
1722029964,-2.0492343,48.6182239
1722029965,-2.0477812,48.6175485
1722029971,-2.0404566,48.6135762
1722029973,-2.0467403,48.61905
1722029978,-2.0506977,48.6175681
1722029983,-2.0506276,48.6190959
1722029987,-2.0485678,48.6167677
1722029990,-2.0487411,48.6173178
1722029992,-2.0400302,48.6136847
1722029994,-2.0487428,48.6170894
1722029995,-2.0502688,48.6186181
1722030000,-2.0500769,48.6176118
1722030008,-2.0450453,48.620527
1722030010,-2.0481832,48.61802
1722030011,-2.0478899,48.616596
1722030022,-2.0432452,48.619136
1722030024,-2.0481938,48.616065
1722030029,-2.0475242,48.6158753
1722030031,-2.0502059,48.6159952
1722030038,-2.0491636,48.6168892
1722030041,-2.0396195,48.6235009
1722030053,-2.0474518,48.6147891
1722030058,-2.0488552,48.6163094
1722030059,-2.0489408,48.6165729
1722030064,-2.0470018,48.6159438
1722030075,-2.0467434,48.615219
1722030081,-2.0484442,48.6183581
1722030082,-2.0465306,48.6160137
1722030083,-2.0485776,48.6169804
1722030084,-2.0474413,48.6165908
1722030092,-2.0474958,48.6151344
1722030093,-2.0489111,48.6167626
1722030095,-2.0457212,48.6186975
1722030100,-2.0417767,48.6200251
1722030118,-2.046802,48.6201291
1722030122,-2.0450882,48.6199741
1725597164,-2.0574505,48.6211298
1725597183,-2.0563672,48.6222745
1725597188,-2.0573563,48.6217798
1725597190,-2.0570963,48.6215734
1725597193,-2.0574484,48.6210687
1725597195,-2.0567949,48.621925
1725597211,-2.0570428,48.6214432
1771658697,-2.0583092,48.6183657
1771658699,-2.0615461,48.617052
1771658716,-2.0587901,48.6179661
1771658729,-2.0588207,48.618898
1771658737,-2.0613493,48.6187056
1771658742,-2.0588013,48.618785
1771675748,-2.0584955,48.6201339
1771675756,-2.0588642,48.6217621
1771675758,-2.0596945,48.6205147
1771675764,-2.0584268,48.6194916
1771675766,-2.0598796,48.6201308
1771675772,-2.0598924,48.6193436
1771675779,-2.0598782,48.6199073
1771683104,-2.0707909,48.6237062
1771683106,-2.0732311,48.6257712
1771683110,-2.0697554,48.6235806
1771683114,-2.0714336,48.6238089
1771683117,-2.0691546,48.62485
1771683120,-2.0726155,48.6244783
1771683125,-2.0741496,48.6217765
1771683126,-2.0719119,48.6245664
1771683131,-2.0691117,48.6234246
1771683136,-2.0575944,48.6185245
1771683146,-2.0710095,48.6212752
1771683151,-2.0700095,48.6245616
1771683152,-2.0724337,48.625495
1771683156,-2.0694867,48.6242946
1771683161,-2.0692308,48.6230641
1771688079,-2.0719137,48.6156773
1771688085,-2.0733731,48.6166213
1771688090,-2.0734001,48.616979
1771688112,-2.0730784,48.6167509
1771691321,-2.0606198,48.6153161
1790614500,-2.0745053,48.634211
1790614506,-2.0751082,48.6341668
1790614548,-2.074908,48.6340268
1790614617,-2.0762091,48.6329062
1790614636,-2.0760272,48.6334945
1790614642,-2.07438,48.6334076
1797069822,-2.0678083,48.6185953
1797069823,-2.0662289,48.6185129
1825151867,-2.0361574,48.6137341
1827316884,-2.0601676,48.6138682
1869876523,-2.0311449,48.6149286
1875812591,-2.0502171,48.6339331
2049476197,-2.0687098,48.6366916
2049476198,-2.0746965,48.632176
2049476199,-2.0726876,48.631202
2049476200,-2.0760063,48.6322837
2049476203,-2.069236,48.6373336
2049476207,-2.0760403,48.6348075
2049476213,-2.073047,48.6326803
2049476215,-2.0738277,48.6311351
2049476217,-2.0763016,48.6328848
2049476229,-2.0757808,48.6318521
2049476230,-2.0760056,48.6355261
2051126110,-2.0693026,48.634987
2051126117,-2.0731006,48.6351846
2051126118,-2.0723443,48.6345953
2051264948,-2.080729,48.635867
2051264952,-2.0710961,48.6308061
2051264965,-2.0795781,48.632122
2051264970,-2.0803496,48.6355107
2051264978,-2.0718455,48.6308323
2051264990,-2.0806107,48.6352171
2051264997,-2.0684288,48.6346652
2051264999,-2.0768026,48.6303754
2051265004,-2.0788143,48.6302974
2051265007,-2.081631,48.6350532
2051265014,-2.0721841,48.6282643
2051265017,-2.0786963,48.6297337
2051265024,-2.0741275,48.627755
2051265031,-2.0796243,48.6299677
2051265035,-2.0732129,48.6287864
2051265058,-2.067618,48.6343851
2051265084,-2.0686192,48.6313788
2051265087,-2.0797591,48.6351885
2051265117,-2.0791637,48.6347995
2051265123,-2.0794007,48.6357773
2051265132,-2.0791531,48.6355911
2051265155,-2.0705606,48.6307075
2051265161,-2.0742061,48.6281665
2051265181,-2.0793585,48.6362329
2051265187,-2.0787016,48.6372814
2051265227,-2.0749519,48.6290955
2051265238,-2.0806114,48.6372141
2051265259,-2.0791811,48.6302218
2051265280,-2.0804047,48.6363006
2051265289,-2.0818295,48.6359283
2051265295,-2.0801075,48.6353706
2051265311,-2.0696045,48.6361499
2051265314,-2.0795304,48.6291815
2051265327,-2.0789752,48.6353601
2051265329,-2.0804262,48.6357342
2051265331,-2.0752818,48.6291537
2051265339,-2.0797328,48.6306747
2051265352,-2.0808619,48.6351371
2051265362,-2.0790384,48.6303963
2051265379,-2.0776405,48.6300564
2051265385,-2.0798194,48.6367179
2051265393,-2.0798711,48.6359946
2051265408,-2.0810518,48.6344086
2051265433,-2.0766107,48.6297037
2051265469,-2.0818139,48.6355024
2051265500,-2.0675221,48.6315631
2051265510,-2.0794334,48.6350902
2051265528,-2.0782671,48.6298791
2051265532,-2.0809528,48.6357093
2051265538,-2.0815655,48.6349202
2051265600,-2.0802951,48.6354717
2051265603,-2.0798013,48.6352135
2051265633,-2.0804513,48.6358532
2051265639,-2.0675811,48.6321626
2051265649,-2.080209,48.636856
2051265654,-2.0796243,48.6359273
2054126539,-2.055878,48.6337791
2054126550,-2.054642,48.6348789
2054173171,-2.0502502,48.6347071
2054173187,-2.0511115,48.6355807
2054173198,-2.049594,48.635289
2054189984,-2.0577128,48.6298948
2054189986,-2.0598883,48.6286327
2054189989,-2.0580839,48.6294675
2054189990,-2.0586974,48.6294783
2054189995,-2.0596635,48.6288829
2054189997,-2.0579759,48.6299161
2054189999,-2.05767,48.6294915
2054190000,-2.0577813,48.630482
2054190001,-2.0606627,48.6282254
2054190004,-2.0588295,48.6291252
2054320276,-2.0568032,48.6325178
2054320278,-2.0572064,48.633008
2054320283,-2.0558494,48.632642
2054320285,-2.0524219,48.6323137
2054320286,-2.0559497,48.6332928
2054320287,-2.0529062,48.6316618
2054320288,-2.0560002,48.6330188
2054320289,-2.0551432,48.631927
2054320292,-2.0559574,48.6329271
2054320299,-2.0566579,48.6321441
2054379122,-2.0654032,48.6309211
2054379127,-2.05501,48.632718
2054379130,-2.0709785,48.6354256
2054379133,-2.0710694,48.6355167
2054379163,-2.0657846,48.6310297
2054379169,-2.0657641,48.6306878
2054379172,-2.0675087,48.6312036
2054379196,-2.0675033,48.6310423
2054379205,-2.055805,48.6332146
2054455948,-2.0682677,48.6277607
2054455949,-2.0678532,48.6290581
2054455951,-2.0674236,48.6285816
2054455953,-2.0694076,48.6291102
2054455955,-2.0699651,48.6308952
2054455963,-2.068085,48.6300019
2054678215,-2.0647607,48.6249212
2054678233,-2.0702686,48.6233058
2054678239,-2.0638346,48.6243887
2054678253,-2.0647805,48.6175839
2054678255,-2.0656445,48.620774
2054678257,-2.0685359,48.6261475
2054678270,-2.068795,48.6188689
2054678278,-2.0651456,48.6198272
2054678280,-2.0657362,48.6176721
2054678297,-2.0649299,48.6250137
2054678303,-2.0646235,48.6250272
2054678304,-2.067919,48.6224335
2054678320,-2.0666549,48.6249438
2054678322,-2.065328,48.6191428
2054678325,-2.0682569,48.6204868
2054678334,-2.0639551,48.6239553
2054678338,-2.0592793,48.6241726
2054678340,-2.0647898,48.6251233
2054678342,-2.0660629,48.620657
2054678352,-2.0576694,48.6287675
2054678354,-2.0635387,48.6244014
2054678356,-2.0637002,48.6239205
2054678364,-2.0663702,48.6195751
2054678368,-2.0648145,48.6185713
2054678370,-2.0675789,48.6258352
2054678372,-2.0683402,48.6188718
2054678378,-2.0601891,48.6233085
2054725658,-2.070172,48.6286103
2054725670,-2.0707567,48.6283585
2054725693,-2.0701989,48.628784
2054725709,-2.0706784,48.6260097
2054725713,-2.0707246,48.6264155
2054725717,-2.069818,48.6278551
2054725720,-2.0692118,48.6276778
2054725724,-2.0698287,48.627699
2054725730,-2.0691957,48.6284791
2054725734,-2.0780465,48.6279451
2066968857,-2.0738153,48.6322725
2076146249,-2.0432076,48.6227416
2076146258,-2.0421883,48.6183201
2076146260,-2.0398594,48.6181757
2076146268,-2.037591,48.61977
2076146270,-2.0545976,48.6157279
2076146272,-2.0333584,48.6263717
2076146283,-2.0325619,48.6193409
2076146287,-2.0438432,48.6241777
2076146294,-2.0414027,48.6233203
2076146302,-2.0437896,48.6238869
2076146306,-2.0440793,48.6247698
2076146307,-2.0561599,48.6163987
2076146313,-2.0533944,48.6157362
2076146314,-2.0440576,48.6215551
2076146315,-2.0415419,48.6179401
2076146319,-2.0538056,48.6161989
2076146323,-2.0366095,48.6196055
2078651686,-2.0549108,48.6355538
2078686384,-2.0662672,48.6369678
2078686386,-2.0670888,48.6376835
2078686387,-2.0671029,48.637754
2078686390,-2.0664344,48.6378279
2078686395,-2.0671284,48.6380093
2078686397,-2.0691554,48.6381984
2078686398,-2.0670557,48.6381421
2078686418,-2.0652323,48.6388688
2088439417,-2.0569935,48.6371349
2088447493,-2.0576934,48.6364446
2088447495,-2.0568015,48.6365028
2088447505,-2.0591483,48.6398181
2088930402,-2.0558757,48.6271136
2088930434,-2.055678,48.6274086
2092091131,-2.0526981,48.6238566
2092091156,-2.0519893,48.6243429
2092091159,-2.0520341,48.6243928
2092091186,-2.0529812,48.6247923
2139869738,-2.0746985,48.6278697
2145888277,-2.0735837,48.627377
2197964943,-2.0474609,48.6230089
2264904486,-2.0593471,48.6215583
2264904490,-2.0594573,48.6220114
2264904494,-2.0594686,48.6220354
2264927152,-2.0691735,48.6382251
2264927153,-2.0684743,48.6383106
2266126007,-2.0562951,48.6272411
2266126008,-2.0568306,48.6272531
2266126014,-2.0574744,48.6275064
2266212624,-2.0503885,48.6242114
2267464126,-2.043357,48.6231978
2267490824,-2.0564488,48.61886
2267490843,-2.0543604,48.6205288
2267490946,-2.0550044,48.622179
2267490972,-2.0528037,48.6224806
2267490974,-2.0540129,48.6226112
2267490988,-2.0524425,48.6230712
2267491014,-2.0522985,48.6233162
2267491034,-2.0519365,48.6234125
2267491059,-2.0508761,48.6237744
2267491094,-2.0532056,48.623906
2267491120,-2.0523548,48.6241868
2267491144,-2.0527572,48.624507
2286857164,-2.0296701,48.6346545
2286879869,-2.029805,48.6368898
2286879872,-2.0299129,48.6369406
2286879873,-2.0299753,48.6369409
2286879874,-2.0300654,48.6370054
2286879877,-2.0297741,48.6370969
2286879886,-2.0294678,48.6373976
2286879890,-2.0297068,48.6375067
2286879897,-2.0300249,48.6376985
2286879898,-2.0302937,48.6376957
2286879906,-2.0302904,48.6377964
2287030584,-2.0300369,48.6349588
2287030590,-2.0300936,48.6350898
2287030604,-2.0300198,48.6352616
2287030626,-2.0288007,48.6356653
2287030637,-2.0298583,48.6357666
2287030777,-2.0297018,48.6364293
2287055950,-2.0298978,48.6352434
2287055951,-2.0302441,48.6352768
2287302408,-2.0304969,48.6341269
2287302505,-2.0306319,48.6343924
2373945668,-2.0845397,48.6308226
2373945701,-2.0823471,48.6313945
2373945716,-2.0821985,48.6318632
2373945726,-2.0822642,48.6320023
2373945729,-2.0823309,48.632144
2394448746,-2.0814628,48.6248312
2394448770,-2.0800883,48.6257923
2394448789,-2.0832024,48.6276932
2394448824,-2.0820896,48.6298639
2394448868,-2.0800276,48.6305771
2394448903,-2.0832994,48.6316685
2394448955,-2.081229,48.6326855
2398147575,-2.0535495,48.6297339
2398147600,-2.0519433,48.6309742
2398147603,-2.0516026,48.6311115
2398147607,-2.0516716,48.6314964
2413118394,-2.0570896,48.6118779
2533550640,-2.0454445,48.6125443
2544088927,-2.0721354,48.6169889
2544088975,-2.0720509,48.617101
2544976951,-2.0730867,48.621187
2544976952,-2.0769181,48.6210729
2544976962,-2.0727217,48.621184
2545808901,-2.0439364,48.6134785
2703922637,-2.0537615,48.6324969
2703922639,-2.0521099,48.632481
2703922641,-2.0519153,48.6325183
2703922642,-2.0517671,48.6325041
2705716851,-2.0500989,48.6339063
2739784315,-2.0359619,48.6116461
2739784316,-2.0358948,48.6126493
2742820963,-2.0363978,48.611239
2742821009,-2.0363774,48.6131472
2820932875,-2.0658019,48.6201469
2820932877,-2.0687465,48.6211313
2820932883,-2.0678902,48.6212844
2820932884,-2.0682255,48.6212975
2820932889,-2.0683035,48.6217471
2820932892,-2.0680607,48.6221433
2844628034,-2.0717457,48.629788
2844628035,-2.0719537,48.6298811
2844633175,-2.0730565,48.63917
2844643689,-2.0712862,48.6296615
2844643690,-2.0714272,48.6295762
2844643918,-2.0716144,48.6297741
2860534689,-2.0706323,48.6301936
2860534709,-2.0804069,48.6368269
2860534719,-2.0808522,48.6371787
2860535046,-2.0790727,48.6386074
2876756236,-2.0676944,48.6359432
2878114840,-2.0749189,48.6312504
2878114842,-2.0753416,48.6317756
2878987038,-2.0781715,48.6312662
2878987041,-2.0782747,48.631616
2878987043,-2.0789095,48.6319261
2878987091,-2.0773906,48.6336804
2878987096,-2.0765584,48.6339872
2878987101,-2.0768389,48.6343332
2880593577,-2.0489322,48.6163091
2880593578,-2.0494004,48.616598
2880593580,-2.0487076,48.6167656
2880593581,-2.048412,48.6167676
2901093004,-2.0652855,48.6131819
2901093007,-2.0644839,48.6133734
2901093011,-2.0642683,48.6136901
2901093020,-2.0588589,48.6142535
2901093022,-2.0585742,48.6143321
2901093036,-2.0607094,48.6147798
2901093051,-2.0608106,48.6152186
2902649610,-2.0653592,48.6127952
2902649612,-2.0648755,48.6142667
2922469607,-2.0620881,48.6147706
2922469732,-2.0716031,48.6161069
2922469902,-2.0731417,48.6166485
2922469922,-2.0734358,48.6168338
2922469925,-2.0732458,48.6168762
2922470415,-2.0686863,48.620002
2926348586,-2.059578,48.6351103
2926348588,-2.0591573,48.6354961
2926348647,-2.0589745,48.6362218
2926394479,-2.0648708,48.6315986
2926394481,-2.0650175,48.6320438
2926394482,-2.0641388,48.6322231
2926595993,-2.0692338,48.6321958
2926596118,-2.0695577,48.6327169
2937799654,-2.0613692,48.6330342
2937799655,-2.0614525,48.6333475
2942113770,-2.0839966,48.6357061
2954888036,-2.0821999,48.6359972
2954888133,-2.0567377,48.6372636
2968967825,-2.0589235,48.622026
2968967830,-2.0589678,48.6222017
2968971034,-2.0590811,48.6220311
2968971044,-2.0591194,48.6221581
2991208299,-2.0347746,48.6140394
3023140017,-2.078248,48.6349892
3023961224,-2.0806915,48.6376041
3035172140,-2.061861,48.6165241
3035172142,-2.0624711,48.6166644
3035685885,-2.0574134,48.6189622
3035685914,-2.0551136,48.6205597
3035685918,-2.0578536,48.6207745
3035685922,-2.057868,48.620974
3035685934,-2.0578432,48.6214801
3035685937,-2.0540279,48.6218346
3050746116,-2.0840028,48.6135332
3050747431,-2.079203,48.6254007
3051894495,-2.0897048,48.6308737
3135874375,-2.0477663,48.6360254
3142537037,-2.0490132,48.6368269
3142537059,-2.0489617,48.6373057
3142537079,-2.0490549,48.6377429
3156570175,-2.0545569,48.6149853
3156570177,-2.0557107,48.6153245
3156761016,-2.0598235,48.6186489
3156761019,-2.0596827,48.6180867
3158415788,-2.0611505,48.6188003
3158415909,-2.0533386,48.6141813
3158415926,-2.0551524,48.6145974
3158415929,-2.0513584,48.6147609
3158415934,-2.0559007,48.6149334
3158415942,-2.0558163,48.6150217
3158416363,-2.0581665,48.6184323
3165517429,-2.0549821,48.6348906
3197741724,-2.0447418,48.6141847
3197741735,-2.0463308,48.6148434
3197741737,-2.0734029,48.6148899
3197741742,-2.072513,48.6150014
3197741752,-2.0719005,48.6150461
3197741760,-2.0734304,48.6151948
3197749163,-2.0435085,48.6152436
3197749165,-2.045452,48.6152906
3197749167,-2.0717138,48.6153059
3197749178,-2.075346,48.6157747
3197749179,-2.0454711,48.6158416
3197749181,-2.0744445,48.6160342
3197749189,-2.0451607,48.6164375
3197749191,-2.0548877,48.6164663
3197749203,-2.0409573,48.619459
3197749204,-2.041257,48.6195469
3197749206,-2.0376814,48.6196073
3197749207,-2.0411356,48.6196117
3197749209,-2.0380567,48.6196371
3197749210,-2.041266,48.619727
3197749214,-2.0432133,48.6204118
3197749219,-2.0426922,48.6208029
3197749221,-2.0511359,48.6212115
3197749229,-2.0513847,48.6214542
3197749231,-2.0503921,48.6215092
3197749234,-2.0506186,48.621514
3197749235,-2.0514143,48.6216106
3197749239,-2.0506126,48.6217235
3197749241,-2.0515033,48.6217845
3197749246,-2.0505832,48.621942
3197749247,-2.0498139,48.6219599
3197749249,-2.0515707,48.6220554
3197749250,-2.0499572,48.6221267
3197749252,-2.0498666,48.6221821
3197749256,-2.0500438,48.6223612
3197749263,-2.0677164,48.6233801
3197749266,-2.0541994,48.6236636
3197749267,-2.0725748,48.623705
3197749270,-2.0733551,48.6240155
3197749275,-2.0673942,48.624289
3197749280,-2.0541262,48.624363
3197749299,-2.0570834,48.6261659
3197749300,-2.0573031,48.6265444
3197749309,-2.0683344,48.6272726
3197749310,-2.0673958,48.6272777
3197749316,-2.0593217,48.6277129
3197749321,-2.0733806,48.6279869
3197749324,-2.0576557,48.6281566
3197749330,-2.0590414,48.6285588
3197749334,-2.0585859,48.6286304
3197749338,-2.064589,48.6306711
3197749340,-2.0646118,48.6309645
3197749355,-2.0569858,48.6314591
3197749356,-2.0562324,48.6314661
3197749562,-2.0776038,48.6321122
3197749569,-2.0629429,48.6323735
3197749575,-2.0624933,48.6325852
3197749576,-2.0547606,48.6326552
3197749579,-2.0532762,48.6327179
3197749580,-2.0779474,48.6327491
3197749582,-2.0537325,48.6327687
3197749587,-2.0537246,48.6328413
3214677759,-2.0454746,48.6169389
3214677894,-2.0367084,48.6195351
3214677957,-2.0558415,48.6273641
3216147894,-2.0802239,48.6150587
3216148006,-2.0784727,48.6205853
3216148080,-2.0804644,48.6216736
3216148146,-2.0796802,48.62227
3216148174,-2.076419,48.622861
3216148282,-2.0811878,48.625191
3216148288,-2.0805522,48.625303
3216148298,-2.0799758,48.6254544
3216148299,-2.081335,48.6254771
3216148308,-2.0807215,48.6256391
3216148318,-2.0798246,48.6258547
3216148326,-2.0790511,48.6260215
3216148343,-2.0824644,48.6263669
3216148345,-2.0811149,48.6264653
3216148355,-2.0818379,48.6266042
3216148467,-2.0828078,48.6269028
3216148475,-2.0820333,48.6270936
3216149004,-2.0820209,48.6319726
3216149028,-2.0817585,48.6322813
3216149190,-2.0822509,48.6326626
3216149191,-2.0810484,48.6326863
3216149192,-2.0818104,48.6326768
3301100809,-2.0567947,48.6334783
3352679678,-2.0557121,48.6278113
3352679679,-2.0557794,48.6277525
3352679680,-2.0558599,48.6277996
3352685598,-2.0557898,48.6277152
3352685601,-2.0558405,48.6273687
3352685602,-2.0558225,48.6274711
3352685634,-2.0460199,48.6144034
3352685640,-2.0459637,48.6142453
3352685641,-2.0459072,48.6142845
3352685642,-2.0461389,48.6142867
3352685648,-2.0459149,48.6143641
3352685651,-2.0463283,48.6147483
3352685669,-2.0567706,48.6160125
3352685671,-2.0562267,48.6148169
3352685672,-2.0560801,48.6148078
3352685678,-2.0562593,48.6147196
3352685692,-2.0568968,48.6146302
3352685724,-2.044909,48.6170268
3352685725,-2.0450623,48.6170188
3353624286,-2.0558026,48.6351891
3353624291,-2.0552159,48.6355018
3353624894,-2.0552993,48.6356214
3353624929,-2.0643696,48.6326014
3353624932,-2.0654272,48.6321432
3353624936,-2.0659715,48.6318652
3353624937,-2.0653653,48.6319848
3353624939,-2.0660828,48.6316295
3353624942,-2.0673652,48.6316139
3353624944,-2.0675322,48.6316703
3353624945,-2.0652151,48.6320035
3353624947,-2.065364,48.6323199
3353624948,-2.0651589,48.6327418
3353624949,-2.0653066,48.6329964
3353624951,-2.0651599,48.6330492
3353624954,-2.0654058,48.6317368
3353624955,-2.0653426,48.6315027
3353624956,-2.0657779,48.6319071
3353624957,-2.0657221,48.6317047
3353624958,-2.06557,48.6319521
3353624959,-2.0655034,48.6317269
3354603882,-2.0558422,48.6357284
3354603883,-2.0561256,48.6355907
3354603886,-2.0565116,48.6357554
3354603890,-2.0562049,48.6337153
3354604595,-2.05759,48.6337912
3361293144,-2.0307602,48.6344747
3365732532,-2.0452157,48.6131455
3366238620,-2.0363729,48.6243718
3366238621,-2.0356741,48.6242368
3370579881,-2.056575,48.6318016
3370580696,-2.0552645,48.6350589
3372321130,-2.0560838,48.6334801
3372321135,-2.0560882,48.633503
3372321164,-2.0558206,48.6338016
3373716686,-2.0266048,48.6368397
3373716688,-2.0298644,48.636882
3625956800,-2.0648178,48.6123166
3632029585,-2.0578862,48.6330131
3663527761,-2.0681455,48.6358933
3663527762,-2.0681675,48.6360482
3663527763,-2.0681677,48.6360669
3831740857,-2.0514344,48.6330318
3831740870,-2.0544795,48.6317278
3831740878,-2.0545189,48.6312763
3831740887,-2.0576484,48.6366981
3831740895,-2.0585968,48.6365654
3831740898,-2.0752413,48.6298743
3881148939,-2.061221,48.6163946
3881149074,-2.0555539,48.6184334
3881149080,-2.0563909,48.6189567
3881149081,-2.0574599,48.6191218
3881149111,-2.0452699,48.6217187
3881149124,-2.0445924,48.6220731
3882684184,-2.0577163,48.6299778
3885388332,-2.0540674,48.6140674
3885388335,-2.0546016,48.6144629
3890442796,-2.0658627,48.6124526
4098010942,-2.0615832,48.6358239
4109852805,-2.0773776,48.6397166
4109852806,-2.0772301,48.6397169
4177242317,-2.0552749,48.6220841
4177242333,-2.0561912,48.6222512
4181928611,-2.053192,48.621962
4181928614,-2.0535856,48.6220668
4181928617,-2.0529893,48.6221383
4229971881,-2.0588517,48.6217433
4229972796,-2.0587412,48.621722
4229972808,-2.0587905,48.6218346
4244909622,-2.0579183,48.6326623
4244909651,-2.0581553,48.6314861
4244909673,-2.0579026,48.6328142
4244910189,-2.058276,48.6312631
4244910190,-2.0583283,48.6312814
4244910200,-2.0581268,48.6314753
4265633439,-2.054384,48.6335391
4265633440,-2.054401,48.6337077
4315456102,-2.0326746,48.6140871
4417909084,-2.0574883,48.6171177
4417909087,-2.0567241,48.6170444
4431105476,-2.0514746,48.6312386
4431105484,-2.0515937,48.6311644
4431105485,-2.0515265,48.6311894
4431105993,-2.0517431,48.6313466
4431105997,-2.0514463,48.6317387
4431106004,-2.0515823,48.6311395
4462181002,-2.0599005,48.6209914
4462181005,-2.0615732,48.6212941
4462181010,-2.0597448,48.6222427
4462181013,-2.0614011,48.6202685
4462181015,-2.0598604,48.6207545
4462181018,-2.0603584,48.6212101
4462181035,-2.0620949,48.6212472
4462181038,-2.0606185,48.6219135
4462181039,-2.0602026,48.6203889
4462181042,-2.06218,48.6215574
4462181051,-2.0600723,48.6193539
4462181062,-2.060307,48.6209605
4462181065,-2.0598417,48.6213923
4462181068,-2.0611579,48.6218557
4462181073,-2.0602568,48.6207211
4462181076,-2.0609357,48.6211602
4462181080,-2.0612517,48.6221441
4462181083,-2.0602165,48.620494
4462181086,-2.0604915,48.6215766
4462181093,-2.0612132,48.6220186
4462181096,-2.0608909,48.620908
4462181098,-2.0603863,48.6198585
4462181101,-2.0616903,48.6218061
4462181107,-2.0608407,48.6206762
4462181109,-2.0615467,48.6211319
4462181112,-2.0605206,48.6216611
4462181114,-2.060752,48.6222393
4462181115,-2.0617911,48.6196883
4462181117,-2.0608128,48.6204456
4462181119,-2.0610504,48.6215299
4462181120,-2.0604414,48.621438
4462181121,-2.0596736,48.6220119
4462181123,-2.0606931,48.6221017
4462181127,-2.0614987,48.6208617
4462181132,-2.0621169,48.6217658
4462181139,-2.0614535,48.6206281
4462181141,-2.062063,48.6210941
4462181142,-2.0600573,48.6203617
4462181143,-2.0610876,48.6216178
4462181146,-2.0631046,48.6197329
4462181148,-2.0617205,48.6219468
4462181151,-2.0614162,48.6203977
4462181154,-2.0616263,48.6215005
4462181156,-2.0609934,48.6213484
4462181164,-2.0620661,48.6210165
4462181167,-2.062041,48.620821
4462181172,-2.0595894,48.6218626
4462181178,-2.0620357,48.6205849
4462181179,-2.0599132,48.6215472
4462181181,-2.0600474,48.6201295
4462181182,-2.0616441,48.6215931
4462181186,-2.0617471,48.622072
4611128276,-2.0578043,48.6373308
4611128279,-2.0576943,48.6373615
4611128280,-2.0576668,48.6373496
4611128283,-2.0576479,48.6372888
4611128286,-2.0576932,48.6372584
4611128551,-2.0487479,48.6357041
4614759848,-2.0701554,48.6221244
4614759852,-2.0702719,48.6218919
4614759865,-2.0700419,48.6213116
4614759867,-2.0699988,48.6213132
4941961876,-2.0454557,48.6124865
4968878180,-2.0634316,48.6188677
4968878182,-2.0662625,48.6183805
4968878183,-2.0654979,48.6185515
4968878186,-2.0648868,48.6186578
4968878189,-2.0637578,48.6174688
4968878190,-2.0638565,48.6177669
4974863368,-2.0594833,48.624599
4974863370,-2.0594487,48.624833
4974863379,-2.0593659,48.6264179
4974863385,-2.0591929,48.6252898
4974863391,-2.0592927,48.6264401
4974863394,-2.0593478,48.6265066
5136072261,-2.0557686,48.6269469
5204562829,-2.0345606,48.6139985
5204562836,-2.0387349,48.6136378
5301437724,-2.0595839,48.6173439
5301437735,-2.0630749,48.6148183
5301437754,-2.0519092,48.6212716
5301437775,-2.062434,48.6151366
5301437791,-2.0600671,48.617362
5301437815,-2.0598693,48.6192012
5301437816,-2.0596628,48.6192064
5301437922,-2.0627493,48.6157073
5301437927,-2.0598898,48.6186578
5301437931,-2.053068,48.6214098
5301437962,-2.0599403,48.617508
5301437963,-2.0600155,48.6192205
5301437987,-2.0597587,48.6199112
5301437989,-2.0578372,48.6193478
5301437999,-2.0596416,48.6192462
5309362874,-2.0600323,48.619773
5319074434,-2.0563618,48.6317255
5319074438,-2.0551876,48.6316401
5341288869,-2.0534554,48.630973
5341288871,-2.0534201,48.6314293
5612450620,-2.1027913,48.6326828
5613718816,-2.0512999,48.6309846
5613718818,-2.0489102,48.6360958
5613718829,-2.0478613,48.6358811
5613718837,-2.0508625,48.6312363
5613718845,-2.0494199,48.6362054
5613718850,-2.0512895,48.6312026
5613718870,-2.0478732,48.6359185
5613718877,-2.0511501,48.6308891
5613718891,-2.0493021,48.6361876
5693904605,-2.0327037,48.6168106
5693904607,-2.0334215,48.6155623
5693904612,-2.0329964,48.6162006
5693904615,-2.0318632,48.6164542
5693904616,-2.0313415,48.6159125
5693904619,-2.0317559,48.6163354
5693904627,-2.0327577,48.6157077
5693904628,-2.0327419,48.6161216
5693904629,-2.0326638,48.6160499
5693904638,-2.0320389,48.6162237
5693904639,-2.0343094,48.6175208
5693904645,-2.0334059,48.6171015
5693904646,-2.0334256,48.6176901
5693904648,-2.0328878,48.6170181
5693904652,-2.0338306,48.6176343
5760433280,-2.0727823,48.6392439
5760433294,-2.0710368,48.6376173
5827792738,-2.0293379,48.6372915
5935165154,-2.0736819,48.6272935
5938425570,-2.0718683,48.611732
6002577365,-2.0522811,48.6243763
6002577413,-2.0523103,48.6243992
6074563899,-2.0642845,48.614734
6074563904,-2.0637505,48.6145989
6142114710,-2.0762153,48.6314466
6177045298,-2.0558136,48.6338097
6177045336,-2.0559086,48.6337617
6177045365,-2.0558578,48.6337892
6177045429,-2.0558999,48.6337685
6241562789,-2.0818723,48.6360438
6241562791,-2.0818482,48.6359866
6331663385,-2.069788,48.6379696
6331663386,-2.0697739,48.6381193
6389600638,-2.05435,48.6353867
6389600648,-2.0543596,48.6353309
6414998185,-2.0653784,48.6322927
6433230181,-2.051336,48.6142633
6433235886,-2.0469823,48.6142307
6433235889,-2.0473009,48.6142187
6439263223,-2.0654429,48.6136265
6439315511,-2.0407747,48.615447
6439315514,-2.0404037,48.6167133
6439315515,-2.0410534,48.6147218
6439315516,-2.0393227,48.6163423
6439315518,-2.0413594,48.6168722
6439315519,-2.040915,48.6150659
6439315520,-2.0402015,48.6167321
6439315522,-2.0405184,48.6173586
6439315523,-2.0413235,48.6168663
6439315527,-2.0390316,48.6167106
6439315528,-2.0402439,48.6149531
6439315529,-2.0399527,48.6172668
6439315532,-2.041551,48.6162542
6439315535,-2.039274,48.6171594
6439315536,-2.0401557,48.6163112
6439315539,-2.039717,48.6178661
6439315540,-2.0416529,48.6176415
6439315541,-2.0390431,48.6177642
6439315542,-2.0399791,48.6163581
6499865692,-2.0645608,48.6329047
6499865697,-2.0644497,48.6327291
6568207014,-2.0747645,48.637554
6568207027,-2.0759069,48.6371695
6568207040,-2.0746772,48.6376062
6635352277,-2.0365695,48.6128354
6635352279,-2.0363754,48.6142206
6635352281,-2.0363452,48.6140841
6635352282,-2.0364293,48.6140503
6635352284,-2.0365936,48.6141139
6635494889,-2.0365536,48.613135
6635494890,-2.0365848,48.6130844
6635494891,-2.0367185,48.6130504
6635494894,-2.0368292,48.6131784
6635494896,-2.0366765,48.6132375
6699473294,-2.0684056,48.633243
7090631724,-2.0768167,48.6344954
7090631735,-2.0759947,48.6338147
7090631738,-2.0770142,48.6337558
7090631741,-2.0767418,48.6336913
7090631744,-2.0775613,48.6339511
7090631748,-2.0771498,48.6338178
7090631749,-2.0770657,48.6340617
7090631757,-2.0797021,48.6348429
7090631758,-2.0797201,48.6351708
7090631777,-2.0810878,48.6356873
7090631783,-2.0807,48.6357063
7090638092,-2.0805556,48.6353862
7090638099,-2.079333,48.6347974
7090638101,-2.0794,48.634718
7090638107,-2.0807849,48.6343908
7090638114,-2.0794426,48.6345287
7104399524,-2.0598964,48.6315602
7104399526,-2.0596413,48.6315679
7104399527,-2.0610098,48.6314541
7104399528,-2.0599805,48.6314181
7108012620,-2.0515559,48.6156264
7108012629,-2.0514564,48.6155748
7108012664,-2.055117,48.6350259
7108012671,-2.0551713,48.6350132
7108012672,-2.0550693,48.6350046
7110830624,-2.0811808,48.632757
7138751840,-2.0647744,48.6235145
7138751842,-2.0629065,48.6233995
7145613652,-2.0644916,48.6236223
7145613663,-2.064916,48.6231449
7147398318,-2.0692826,48.6385794
7221247010,-2.0571648,48.6235585
7221247014,-2.0560039,48.6254396
7247592740,-2.0369045,48.6180906
7247620745,-2.0401584,48.6179044
7255586796,-2.0610097,48.6375647
7255586798,-2.0614839,48.6375247
7255586808,-2.0613913,48.6383195
7255586845,-2.0612347,48.6376047
7255586853,-2.060848,48.6375283
7255586864,-2.0610138,48.6379282
7255601385,-2.0609673,48.6375638
7291253810,-2.036563,48.6131787
7392980857,-2.0519162,48.6351447
7397754779,-2.0552054,48.6355893
7422376042,-2.033958,48.6098749
7422376051,-2.0338705,48.6129219
7492370378,-2.0557472,48.62706
7590545331,-2.0553811,48.635094
7590620405,-2.06021,48.6226638
7590620418,-2.0601752,48.6227198
7590620424,-2.0601572,48.6224891
7590620434,-2.0589823,48.6226327
7593494768,-2.0565704,48.6276959
7593530208,-2.056051,48.6275756
7605405042,-2.067506,48.6358109
7605405043,-2.0674827,48.6363256
7717359666,-2.0572721,48.6126613
7717705557,-2.0574553,48.6160822
7717752185,-2.0576626,48.6159916
7717752188,-2.0576559,48.6162038
7798697214,-2.058334,48.6397706
7860193468,-2.0602235,48.6228546
7860193469,-2.0600976,48.6224975
7860193471,-2.0510432,48.6366087
7860193472,-2.0615881,48.6390393
7981167366,-2.049256,48.6368485
7981167372,-2.0490437,48.6368734
8112915600,-2.0475615,48.6206352
8685007385,-2.0396342,48.6181435
8685007386,-2.0397264,48.6178421
8729311699,-2.0704374,48.6129652
8729311700,-2.0707009,48.6124426
8729311706,-2.069634,48.6124002
8729315363,-2.061731,48.6147084
8729315364,-2.0593907,48.6153832
8729315367,-2.0601831,48.615634
8729315380,-2.0604092,48.6148852
8729315383,-2.0594632,48.615461
8729315389,-2.0601115,48.6156891
8729315394,-2.0513393,48.6146257
8729315395,-2.0508827,48.6146498
8729315396,-2.0521391,48.6143342
8729315398,-2.0526568,48.6141748
8729315404,-2.0534619,48.6134858
8729315405,-2.0526976,48.6135555
8729315409,-2.0530154,48.6142117
8729315410,-2.0519677,48.6143321
8729315413,-2.0517922,48.6136004
8729315414,-2.0519011,48.6141621
8729316588,-2.055178,48.6144611
8729316590,-2.0562187,48.6144884
8729316591,-2.0552143,48.6142379
8729316592,-2.055911,48.6142006
8729316593,-2.0552239,48.6143864
8729316594,-2.0562124,48.6143371
8729316598,-2.0540309,48.6143291
8729316600,-2.053981,48.6144032
8729316610,-2.0541461,48.6144992
8729316611,-2.0544163,48.6145083
8729316612,-2.0532854,48.6141796
8729322719,-2.0539109,48.6149068
8729322720,-2.0557625,48.615176
8729322721,-2.0546877,48.6148407
8729322722,-2.0546399,48.6149984
8729322726,-2.0563569,48.6150106
8729322727,-2.0563787,48.6151652
8729322729,-2.0556496,48.6155428
8729322730,-2.0558247,48.6155733
8729322732,-2.0558309,48.6157305
8729322733,-2.0565076,48.6158148
8729322735,-2.0567007,48.6156624
8729322736,-2.057113,48.6156246
8729322740,-2.0566399,48.6154421
8729322741,-2.057354,48.6153927
8729322760,-2.0595856,48.6148322
8729322761,-2.059467,48.6146149
8729322762,-2.0594373,48.6148845
8729322763,-2.0593345,48.6146555
8729332717,-2.0514149,48.6142759
8729332718,-2.0502997,48.6141013
8729332719,-2.0502906,48.6139787
8729332726,-2.0505135,48.6141314
8729332731,-2.0503219,48.6146387
8729332732,-2.05072,48.6141645
8729332734,-2.0507908,48.6144227
8729358071,-2.0615733,48.6151026
8729358072,-2.062275,48.6148554
8729358075,-2.0628763,48.6149114
8729358076,-2.0617126,48.6150535
8729358077,-2.0618886,48.6153014
8825614393,-2.0501854,48.6322651
8825614394,-2.05104,48.6319796
8849243940,-2.0500731,48.6373143
8849243948,-2.0494632,48.6370328
8849243949,-2.0494833,48.6369868
8867602483,-2.0590484,48.6398457
8867999813,-2.0508784,48.6320358
8868026446,-2.0457617,48.636876
8869457952,-2.0551187,48.6356274
8869457953,-2.0554088,48.6358016
8869457964,-2.0550299,48.6354173
8869457966,-2.0551253,48.6266297
8887721607,-2.0671641,48.6213152
8887721608,-2.0668855,48.6213901
8887721611,-2.0665325,48.6215137
8955132288,-2.0479972,48.6360084
8992907289,-2.0638301,48.6164418
9103458190,-2.0438187,48.6216408
9103458192,-2.0437803,48.6219088
9215051218,-2.0429738,48.6227893
9215051220,-2.0430652,48.6231768
9350489152,-2.0374867,48.6136169
9653238673,-2.0685465,48.6366443
9653238708,-2.0716913,48.6374747
9653238710,-2.0715934,48.6376546
9653238713,-2.0737673,48.6377317
9653238877,-2.0744044,48.637791
9653238878,-2.0747111,48.6378734
9653238886,-2.0745465,48.6386533
9653238891,-2.074737,48.6379904
9653238905,-2.0765056,48.6388072
9653238906,-2.0764992,48.6383928
9653238911,-2.075809,48.6393023
9653238912,-2.0759708,48.6400464
9653238918,-2.0753429,48.6387025
9653238932,-2.0765153,48.6356756
9653238936,-2.0757484,48.6355936
9653238938,-2.0769686,48.6346271
9653238940,-2.0770606,48.6352485
9653238941,-2.0772824,48.6357092
9653238944,-2.0770014,48.635264
9653238945,-2.0803723,48.6364636
9653238947,-2.0797308,48.636108
9653238948,-2.079286,48.6369571
9653238992,-2.0785081,48.6357642
9655404088,-2.0647632,48.6349453
9655404089,-2.0646948,48.6350689
9655404094,-2.064558,48.6350162
9655404098,-2.0649831,48.6349852
9655404099,-2.0646304,48.6351996
9655404113,-2.0657837,48.6351717
9655404115,-2.0660573,48.6348026
9655404116,-2.0661378,48.6347651
9655404118,-2.0655262,48.6350445
9655404119,-2.0651198,48.6354141
9655404120,-2.0652379,48.6352129
9655404134,-2.0644607,48.6333451
9655404147,-2.0640045,48.6329997
9655404149,-2.0646478,48.633038
9655404167,-2.0672335,48.6334457
9655404168,-2.0669874,48.6337166
9655404169,-2.0661442,48.6333903
9655404173,-2.0667596,48.6336157
9655404183,-2.0661257,48.6328944
9655404185,-2.0663867,48.6327118
9655404217,-2.0675241,48.6315892
9655404282,-2.0628588,48.6315162
9655404283,-2.0631753,48.6315123
9655404301,-2.0627931,48.6329299
9655404335,-2.057479,48.6332272
9655404336,-2.0575141,48.6334058
9655404340,-2.0570216,48.6333854
9655404341,-2.0570317,48.63342
9655404356,-2.0568158,48.6332223
9655404357,-2.0568453,48.6332285
9655404368,-2.05605,48.631868
9655404395,-2.0575628,48.6317174
9655404396,-2.0569625,48.6314713
9655404409,-2.0609289,48.6309064
9655404411,-2.0611917,48.6306246
9655404417,-2.0611274,48.6311173
9655404419,-2.0602887,48.6310119
9655404423,-2.0602772,48.631096
9655404426,-2.060138,48.6312753
9655404427,-2.0603254,48.6311284
9655404430,-2.0610657,48.6313221
9657749354,-2.0570032,48.6276034
9657749398,-2.0559595,48.6275901
9657749418,-2.056333,48.6273024
9659915527,-2.0566629,48.6278785
9659915528,-2.0567071,48.6280478
9659915532,-2.0571225,48.6286955
9662355070,-2.0767593,48.6327934
9662355074,-2.076059,48.6323839
9662355077,-2.0758165,48.6323272
9662355108,-2.0482367,48.6365796
9662355168,-2.0487116,48.637334
9662355178,-2.0483762,48.6370112
9662355181,-2.0486042,48.6373204
9662355232,-2.0491688,48.6378752
9662355233,-2.0513913,48.6331884
9662355239,-2.0513474,48.6332786
9662355242,-2.0502752,48.6346005
9662355245,-2.0505789,48.6344945
9662355246,-2.0496194,48.6350649
9662355251,-2.050134,48.6348057
9662355257,-2.0519355,48.6349382
9662355269,-2.0522587,48.6350543
9662355271,-2.0522531,48.6351664
9665223470,-2.0701931,48.6301205
9665223481,-2.070208,48.6300599
9665223482,-2.0706566,48.629951
9665223488,-2.070192,48.6299057
9665223490,-2.0706721,48.629793
9665243666,-2.0727844,48.6278306
9665243749,-2.0768358,48.6261137
9665243751,-2.0768817,48.6265267
9665243764,-2.0786972,48.625846
9665243766,-2.0786838,48.62613
9665243768,-2.0789554,48.6260498
9665243770,-2.0793071,48.6259157
9665243773,-2.0732604,48.6270267
9665243776,-2.0736619,48.6268392
9667294387,-2.0587872,48.6379842
9667294390,-2.0583469,48.6372939
9667294392,-2.0582702,48.6371015
9667294393,-2.0583216,48.6372965
9667294400,-2.0579839,48.6372606
9667294403,-2.0581542,48.6369438
9667294404,-2.0576426,48.6369916
9667294405,-2.058126,48.6368029
9667294406,-2.0576454,48.6368516
9667369617,-2.0573965,48.6353157
9667369618,-2.0569512,48.6354744
9667369619,-2.0570558,48.6353078
9667369622,-2.0567125,48.6358564
9667369625,-2.056984,48.635485
9671406843,-2.0535927,48.6325289
9671406845,-2.0537593,48.632534
9671406847,-2.0536035,48.6324938
9837077112,-2.0378303,48.6117856
10001338532,-2.0301238,48.6367471
10006894623,-2.0671431,48.6119401
10006894637,-2.048383,48.6141701
10006894639,-2.0474975,48.614349
10006894641,-2.0449682,48.6141933
10006894646,-2.0439638,48.6157845
10006894650,-2.0436265,48.615761
10006894665,-2.0355424,48.6131778
10292170363,-2.04593,48.6123609
10659718867,-2.0542997,48.6260852
10659718869,-2.0551531,48.6266199
10659718875,-2.0550646,48.6266781
10659718876,-2.0550485,48.6266612
10659718877,-2.0550143,48.6266246
10659718878,-2.0550312,48.6266422
10659720633,-2.0570459,48.6277762
10659720639,-2.0571168,48.6280487
10659720640,-2.0571294,48.6281224
10659720654,-2.0559949,48.6275378
10659720655,-2.0560016,48.6275518
10659720657,-2.0560371,48.6275491
10659720658,-2.0560258,48.6275295
10659720660,-2.0560618,48.6276005
10659720662,-2.0560209,48.6275901
10659720664,-2.0560294,48.627604
10659720665,-2.0559778,48.6275862
10665206721,-2.0482803,48.6386013
10665206768,-2.0492002,48.6363724
10665206771,-2.0490327,48.6364661
10665206773,-2.0489042,48.6361344
10665206774,-2.0488915,48.636139
10665206779,-2.049031,48.636233
10665206780,-2.0490099,48.6362244
10665206831,-2.0511781,48.6333992
10665206835,-2.051068,48.6333122
10665206871,-2.0511965,48.6328557
10665206875,-2.0511525,48.6328343
10665206877,-2.0509023,48.6326394
10665206878,-2.0509115,48.6326745
10665206885,-2.0511673,48.6325274
10665206888,-2.0510806,48.632514
10665206928,-2.0522427,48.6306264
10665206930,-2.0523179,48.6305829
10665206946,-2.0539445,48.6305151
10665206950,-2.0530625,48.6303919
10665206954,-2.0525494,48.6305357
10665206955,-2.0525968,48.6304809
10665206964,-2.0529647,48.6301147
10665206966,-2.053007,48.6300384
10665206988,-2.0531921,48.6297719
10665206991,-2.0531063,48.6298324
10665207004,-2.0539216,48.6295523
10665207005,-2.0539056,48.6295571
10665207057,-2.0537851,48.6298907
10665207060,-2.0537433,48.6296167
10665207062,-2.0535494,48.6297148
10665207063,-2.0536429,48.6296826
10665207064,-2.0536707,48.6296684
10665207118,-2.0540913,48.62884
10665207120,-2.0540618,48.6288321
10665207143,-2.0538932,48.6286876
10665207144,-2.0539897,48.6286204
10665207145,-2.0540947,48.6285413
10665207146,-2.0540115,48.6286049
10665207162,-2.0546231,48.6279621
10665207163,-2.0545885,48.6279876
10665207176,-2.0549536,48.6272439
10665207178,-2.0548913,48.6272443
10665207179,-2.0548785,48.6272421
10665207180,-2.0548433,48.6272348
10665207181,-2.0548071,48.6272565
10665207182,-2.0548132,48.6272514
10665207186,-2.0547136,48.6273646
10665207187,-2.0547289,48.627371
10665207189,-2.0545101,48.6275949
10665207190,-2.0545259,48.6276019
10665207203,-2.0543092,48.6259009
10665207204,-2.0543508,48.6259167
10669248300,-2.0529165,48.6354722
10669259410,-2.0529138,48.6352533
10669259413,-2.0500834,48.6373052
10669259414,-2.0500583,48.6373258
10669259415,-2.0500486,48.637332
10669259416,-2.0496275,48.6369154
10669259418,-2.0495094,48.6369637
10669259441,-2.0499371,48.6364657
10669259442,-2.049902,48.6364571
10669259452,-2.0497794,48.6363256
10669259453,-2.0498037,48.6363301
10669259455,-2.0497215,48.6363096
10669259456,-2.0496972,48.6363037
10669259458,-2.0497493,48.6363158
10669259459,-2.0497583,48.6363004
10692079824,-2.0705118,48.6311306
10692079827,-2.0705023,48.6315171
10739117375,-2.0621785,48.6291521
10798893689,-2.074132,48.6224707
10798990995,-2.0779964,48.6280708
10798990996,-2.0759064,48.6278232
10798991001,-2.0796059,48.6291866
10917797509,-2.0372575,48.6181183
10917797510,-2.037327,48.6178218
10917797511,-2.0372197,48.6179418
11065025964,-2.0470099,48.6122173
11065025973,-2.0468078,48.6128584
11096979426,-2.0672041,48.638536
11241781614,-2.08182,48.6358923
11314392068,-2.0691739,48.6253486
11314423673,-2.0688884,48.6263225
11339308305,-2.057036,48.6276919
11339308317,-2.0574047,48.6283482
11532880414,-2.0686894,48.623202
11532880418,-2.0681897,48.623191
11532880420,-2.0682956,48.6230102
11542255678,-2.0721714,48.6227265
11542255682,-2.0716175,48.6226361
11542255683,-2.0718281,48.6223267
11542255688,-2.0731543,48.6227023
11543309898,-2.0587268,48.6261686
11545798311,-2.0603473,48.6394412
11545798313,-2.0606223,48.6392489
