L1,L2,L3,L4,len1,len2,len3,len4,experiment,perturbation
21.138840000000002,21.138840000000002,21.138840000000002,21.138840000000002,74,74,74,74,0,0.0
9.260279999999998,9.260279999999998,9.260279999999998,9.260279999999998,46,46,46,46,0,0.0
23.16888,23.16888,23.16888,23.16888,74,74,74,74,0,0.0
21.064680000000003,21.064680000000003,21.064680000000003,21.064680000000003,70,70,70,70,0,0.0
27.68832,27.68832,27.68832,27.68832,91,91,91,91,0,0.0
14.498999999999997,14.498999999999997,14.498999999999997,14.498999999999997,52,52,52,52,0,0.0
16.11,16.11,16.11,16.11,61,61,61,61,0,0.0
18.478080000000002,18.478080000000002,18.478080000000002,18.478080000000002,61,61,61,61,0,0.0
24.789600000000007,24.789600000000007,24.789600000000007,24.789600000000007,82,82,82,82,0,0.0
36.128519999999995,36.128519999999995,36.128519999999995,36.128519999999995,125,125,125,125,0,0.0
20.53836,20.53836,20.53836,20.53836,65,65,65,65,1,0.0
35.01540000000001,35.01540000000001,35.01540000000001,35.01540000000001,119,119,119,119,1,0.0
17.134560000000004,17.134560000000004,17.134560000000004,17.134560000000004,54,54,54,54,1,0.0
38.97899999999999,38.97899999999999,38.97899999999999,38.97899999999999,137,137,137,137,1,0.0
22.473360000000003,22.473360000000003,22.473360000000003,22.473360000000003,73,73,73,73,1,0.0
20.662920000000003,20.662920000000003,20.662920000000003,20.662920000000003,72,72,72,72,1,0.0
21.870720000000002,21.870720000000002,21.870720000000002,21.870720000000002,76,76,76,76,1,0.0
29.142,29.142,29.142,29.142,99,99,99,99,1,0.0
20.845800000000008,20.845800000000008,20.845800000000008,20.845800000000008,67,67,67,67,1,0.0
40.201199999999986,40.201199999999986,40.201199999999986,40.201199999999986,139,139,139,139,1,0.0
34.15248000000001,34.15248000000001,34.15248000000001,34.15248000000001,117,117,117,117,2,0.0
20.124719999999996,20.124719999999996,20.124719999999996,20.124719999999996,74,74,74,74,2,0.0
26.910000000000004,26.910000000000004,26.910000000000004,26.910000000000004,91,91,91,91,2,0.0
18.542520000000007,18.542520000000007,18.542520000000007,18.542520000000007,68,68,68,68,2,0.0
26.959679999999995,26.959679999999995,26.959679999999995,26.959679999999995,89,89,89,89,2,0.0
19.94544,19.94544,19.94544,19.94544,71,71,71,71,2,0.0
30.92616,30.92616,30.92616,30.92616,108,108,108,108,2,0.0
30.296520000000005,30.296520000000005,30.296520000000005,30.296520000000005,104,104,104,104,2,0.0
12.306239999999999,12.306239999999999,12.306239999999999,12.306239999999999,51,51,51,51,2,0.0
21.173039999999997,21.173039999999997,21.173039999999997,21.173039999999997,75,75,75,75,2,0.0
25.457400000000007,25.457400000000007,25.457400000000007,25.457400000000007,86,86,86,86,3,0.0
22.737960000000008,22.737960000000008,22.737960000000008,22.737960000000008,76,76,76,76,3,0.0
23.14332,23.14332,23.14332,23.14332,84,84,84,84,3,0.0
48.063239999999986,48.063239999999986,48.063239999999986,48.063239999999986,166,166,166,166,3,0.0
23.40575999999999,23.40575999999999,23.40575999999999,23.40575999999999,77,77,77,77,3,0.0
18.09792,18.09792,18.09792,18.09792,56,56,56,56,3,0.0
24.095519999999997,24.095519999999997,24.095519999999997,24.095519999999997,87,87,87,87,3,0.0
16.875720000000005,16.875720000000005,16.875720000000005,16.875720000000005,57,57,57,57,3,0.0
16.30764,16.30764,16.30764,16.30764,59,59,59,59,3,0.0
22.005000000000003,22.005000000000003,22.005000000000003,22.005000000000003,77,77,77,77,3,0.0
38.48976,38.48976,38.48976,38.48976,129,129,129,129,4,0.0
30.892319999999994,30.892319999999994,30.892319999999994,30.892319999999994,109,109,109,109,4,0.0
43.730279999999986,43.730279999999986,43.730279999999986,43.730279999999986,150,150,150,150,4,0.0
16.764840000000003,16.764840000000003,16.764840000000003,16.764840000000003,55,55,55,55,4,0.0
17.833680000000005,17.833680000000005,17.833680000000005,17.833680000000005,57,57,57,57,4,0.0
12.984839999999998,12.984839999999998,12.984839999999998,12.984839999999998,42,42,42,42,4,0.0
19.242720000000002,19.242720000000002,19.242720000000002,19.242720000000002,63,63,63,63,4,0.0
17.55108,17.55108,17.55108,17.55108,60,60,60,60,4,0.0
26.35776,26.35776,26.35776,26.35776,87,87,87,87,4,0.0
21.528359999999996,21.528359999999996,21.528359999999996,21.528359999999996,77,77,77,77,4,0.0
20.947680000000002,20.947680000000002,20.947680000000002,20.947680000000002,73,73,73,73,5,0.0
31.010759999999998,31.010759999999998,31.010759999999998,31.010759999999998,107,107,107,107,5,0.0
17.85779999999999,17.85779999999999,17.85779999999999,17.85779999999999,62,62,62,62,5,0.0
19.53432,19.53432,19.53432,19.53432,68,68,68,68,5,0.0
9.33084,9.33084,9.33084,9.33084,40,40,40,40,5,0.0
24.30396,24.30396,24.30396,24.30396,84,84,84,84,5,0.0
20.49624,20.49624,20.49624,20.49624,73,73,73,73,5,0.0
20.010240000000007,20.010240000000007,20.010240000000007,20.010240000000007,66,66,66,66,5,0.0
22.36824,22.36824,22.36824,22.36824,81,81,81,81,5,0.0
19.65564,19.65564,19.65564,19.65564,65,65,65,65,5,0.0
13.408919999999998,13.408919999999998,13.408919999999998,13.408919999999998,44,44,44,44,6,0.0
12.642120000000002,12.642120000000002,12.642120000000002,12.642120000000002,50,50,50,50,6,0.0
36.01584,36.01584,36.01584,36.01584,121,121,121,121,6,0.0
18.492120000000003,18.492120000000003,18.492120000000003,18.492120000000003,66,66,66,66,6,0.0
16.20936,16.20936,16.20936,16.20936,55,55,55,55,6,0.0
23.572440000000007,23.572440000000007,23.572440000000007,23.572440000000007,76,76,76,76,6,0.0
29.88575999999999,29.88575999999999,29.88575999999999,29.88575999999999,110,110,110,110,6,0.0
16.680239999999998,16.680239999999998,16.680239999999998,16.680239999999998,52,52,52,52,6,0.0
16.038,16.038,16.038,16.038,52,52,52,52,6,0.0
42.07032000000001,42.07032000000001,42.07032000000001,42.07032000000001,145,145,145,145,6,0.0
14.929559999999999,14.929559999999999,14.929559999999999,14.929559999999999,46,46,46,46,7,0.0
23.649480000000008,23.649480000000008,23.649480000000008,23.649480000000008,86,86,86,86,7,0.0
29.24027999999999,29.24027999999999,29.24027999999999,29.24027999999999,105,105,105,105,7,0.0
15.95592,15.95592,15.95592,15.95592,54,54,54,54,7,0.0
18.10656000000001,18.10656000000001,18.10656000000001,18.10656000000001,55,55,55,55,7,0.0
21.309480000000004,21.309480000000004,21.309480000000004,21.309480000000004,74,74,74,74,7,0.0
19.537559999999992,19.537559999999992,19.537559999999992,19.537559999999992,74,74,74,74,7,0.0
27.83808,27.83808,27.83808,27.83808,93,93,93,93,7,0.0
11.11572,11.11572,11.11572,11.11572,40,40,40,40,7,0.0
11.89008,11.89008,11.89008,11.89008,45,45,45,45,7,0.0
24.265440000000005,24.265440000000005,24.265440000000005,24.265440000000005,85,85,85,85,8,0.0
21.851999999999997,21.851999999999997,21.851999999999997,21.851999999999997,77,77,77,77,8,0.0
28.877039999999983,28.877039999999983,28.877039999999983,28.877039999999983,97,97,97,97,8,0.0
23.482799999999994,23.482799999999994,23.482799999999994,23.482799999999994,69,69,69,69,8,0.0
17.758079999999996,17.758079999999996,17.758079999999996,17.758079999999996,63,63,63,63,8,0.0
15.360480000000003,15.360480000000003,15.360480000000003,15.360480000000003,48,48,48,48,8,0.0
44.58996,44.58996,44.58996,44.58996,157,157,157,157,8,0.0
11.034720000000002,11.034720000000002,11.034720000000002,11.034720000000002,42,42,42,42,8,0.0
18.182160000000003,18.182160000000003,18.182160000000003,18.182160000000003,66,66,66,66,8,0.0
21.2112,21.2112,21.2112,21.2112,77,77,77,77,8,0.0
23.10696,23.10696,23.10696,23.10696,75,75,75,75,9,0.0
42.79428,42.79428,42.79428,42.79428,149,149,149,149,9,0.0
22.86324000000001,22.86324000000001,22.86324000000001,22.86324000000001,78,78,78,78,9,0.0
30.142439999999997,30.142439999999997,30.142439999999997,30.142439999999997,100,100,100,100,9,0.0
20.887920000000012,20.887920000000012,20.887920000000012,20.887920000000012,75,75,75,75,9,0.0
16.12044,16.12044,16.12044,16.12044,55,55,55,55,9,0.0
25.3098,25.3098,25.3098,25.3098,86,86,86,86,9,0.0
21.354480000000006,21.354480000000006,21.354480000000006,21.354480000000006,78,78,78,78,9,0.0
20.786400000000008,20.786400000000008,20.786400000000008,20.786400000000008,68,68,68,68,9,0.0
14.05584,14.05584,14.05584,14.05584,52,52,52,52,9,0.0
19.969560000000005,19.969560000000005,19.969560000000005,19.969560000000005,67,67,67,67,0,0.5
19.92528,19.92528,19.92528,19.92528,69,69,69,69,0,0.5
37.27223999999999,37.27223999999999,37.27223999999999,37.27223999999999,129,129,129,129,0,0.5
20.47356,20.47356,20.47356,20.47356,68,68,68,68,0,0.5
71.0898,12.209039999999998,12.209039999999998,11.391479999999998,43,45,45,43,0,0.5
32.946839999999995,32.946839999999995,32.946839999999995,32.946839999999995,114,114,114,114,0,0.5
43.546679999999974,43.546679999999974,43.546679999999974,43.546679999999974,148,148,148,148,0,0.5
84.36048,26.23500000000001,25.230600000000003,25.230600000000003,77,82,80,80,0,0.5
19.97136,19.97136,19.97136,19.97136,69,69,69,69,0,0.5
47.441879999999976,47.441879999999976,47.441879999999976,47.441879999999976,160,160,160,160,0,0.5
26.20404,26.20404,26.20404,26.20404,89,89,89,89,1,0.5
18.867599999999996,18.867599999999996,18.867599999999996,18.867599999999996,63,63,63,63,1,0.5
27.96624000000001,27.96624000000001,27.96624000000001,27.96624000000001,97,97,97,97,1,0.5
33.93683999999999,33.93683999999999,33.93683999999999,33.93683999999999,114,114,114,114,1,0.5
34.96499999999999,34.96499999999999,34.96499999999999,34.96499999999999,119,119,119,119,1,0.5
44.637119999999996,44.637119999999996,44.637119999999996,44.637119999999996,157,157,157,157,1,0.5
16.921439999999997,16.921439999999997,16.921439999999997,16.921439999999997,60,60,60,60,1,0.5
34.87572000000001,34.87572000000001,34.87572000000001,34.87572000000001,119,119,119,119,1,0.5
25.808040000000002,25.808040000000002,25.808040000000002,25.808040000000002,94,94,94,94,1,0.5
33.69311999999999,33.69311999999999,33.69311999999999,33.69311999999999,111,111,111,111,1,0.5
162.45408000000015,44.36388000000001,43.13268,43.13268,145,155,149,149,2,0.5
153.39360000000013,35.30340000000001,34.07220000000001,34.07220000000001,114,124,118,118,2,0.5
16.403760000000002,16.403760000000002,16.403760000000002,16.403760000000002,58,58,58,58,2,0.5
81.64787999999997,23.467320000000004,23.467320000000004,22.415760000000002,78,86,86,82,2,0.5
13.432319999999997,13.432319999999997,13.432319999999997,13.432319999999997,43,43,43,43,2,0.5
86.68787999999999,28.50732,28.50732,27.276120000000002,93,101,101,95,2,0.5
13.993199999999996,13.993199999999996,13.993199999999996,13.993199999999996,47,47,47,47,2,0.5
11.847240000000001,11.847240000000001,11.847240000000001,11.847240000000001,43,43,43,43,2,0.5
72.3786,14.19804,14.19804,13.44348,48,56,56,52,2,0.5
82.35780000000004,22.448159999999987,22.448159999999987,22.448159999999987,72,74,74,74,2,0.5
22.606560000000005,22.606560000000005,22.606560000000005,22.606560000000005,79,79,79,79,3,0.5
70.75751999999999,12.69684,11.455560000000002,11.455560000000002,44,48,42,42,3,0.5
84.41664000000004,24.85332000000001,24.85332000000001,24.85332000000001,80,82,82,82,3,0.5
12.644280000000002,12.644280000000002,12.644280000000002,12.644280000000002,46,46,46,46,3,0.5
80.04048000000003,20.477160000000005,20.477160000000005,20.477160000000005,64,66,66,66,3,0.5
152.93856000000008,34.29791999999998,33.13583999999999,33.13583999999999,109,113,108,108,3,0.5
14.200200000000002,14.200200000000002,14.200200000000002,14.200200000000002,48,48,48,48,3,0.5
79.46700000000001,19.897199999999994,19.55303999999999,19.55303999999999,64,67,64,64,3,0.5
86.56584000000005,27.00252,27.00252,27.00252,85,87,87,87,3,0.5
94.64676000000004,35.57592000000001,34.758,34.758,121,122,120,120,3,0.5
86.19359999999995,28.82088,28.085759999999993,26.801279999999995,93,102,98,94,4,0.5
87.20051999999997,27.483840000000015,27.483840000000015,27.306360000000016,94,96,96,94,4,0.5
81.20399999999998,21.487320000000008,21.487320000000008,21.309840000000005,71,73,73,71,4,0.5
30.815279999999998,30.815279999999998,30.815279999999998,30.815279999999998,103,103,103,103,4,0.5
141.20651999999984,21.596760000000003,21.596760000000003,21.528720000000003,73,75,75,75,4,0.5
83.46192000000006,24.48828,24.48828,23.64228,83,84,84,84,4,0.5
80.42496000000001,20.708280000000006,20.708280000000006,20.530800000000006,66,68,68,66,4,0.5
33.35039999999999,33.35039999999999,33.35039999999999,33.35039999999999,114,114,114,114,4,0.5
84.92819999999996,27.555479999999996,26.820359999999994,25.535879999999995,93,102,98,94,4,0.5
34.36739999999999,34.36739999999999,34.36739999999999,34.36739999999999,115,115,115,115,4,0.5
31.148999999999994,31.148999999999994,31.148999999999994,31.148999999999994,98,98,98,98,5,0.5
13.76244,13.76244,13.76244,13.76244,46,46,46,46,5,0.5
18.65268,18.65268,18.65268,18.65268,65,65,65,65,5,0.5
35.197919999999975,35.197919999999975,35.197919999999975,35.197919999999975,114,114,114,114,5,0.5
13.18356,13.18356,13.18356,13.18356,44,44,44,44,5,0.5
21.666600000000003,21.666600000000003,21.666600000000003,21.666600000000003,72,72,72,72,5,0.5
44.52119999999997,44.52119999999997,44.52119999999997,44.52119999999997,154,154,154,154,5,0.5
19.294919999999998,19.294919999999998,19.294919999999998,19.294919999999998,67,67,67,67,5,0.5
16.3008,16.3008,16.3008,16.3008,50,50,50,50,5,0.5
19.220399999999998,19.220399999999998,19.220399999999998,19.220399999999998,64,64,64,64,5,0.5
21.160439999999994,21.160439999999994,21.160439999999994,21.160439999999994,65,65,65,65,6,0.5
144.22152000000008,24.343559999999993,24.343559999999993,24.343559999999993,84,86,86,86,6,0.5
19.13652,19.13652,19.13652,19.13652,69,69,69,69,6,0.5
88.35468,28.727999999999998,28.727999999999998,28.727999999999998,97,98,98,98,6,0.5
22.295159999999992,22.295159999999992,22.295159999999992,22.295159999999992,70,70,70,70,6,0.5
17.301960000000005,17.301960000000005,17.301960000000005,17.301960000000005,58,58,58,58,6,0.5
78.07595999999998,18.12096,18.12096,18.12096,62,61,61,61,6,0.5
106.64988,46.726919999999964,46.726919999999964,46.726919999999964,164,167,167,167,6,0.5
159.80016000000003,39.922200000000004,39.922200000000004,39.922200000000004,134,136,136,136,6,0.5
80.08907999999997,20.134080000000004,20.134080000000004,20.134080000000004,71,70,70,70,6,0.5
74.66279999999999,16.08876,16.08876,15.678360000000001,54,58,58,56,7,0.5
26.78544,26.78544,26.78544,26.78544,89,89,89,89,7,0.5
23.714640000000003,23.714640000000003,23.714640000000003,23.714640000000003,80,80,80,80,7,0.5
11.8818,11.8818,11.8818,11.8818,40,40,40,40,7,0.5
20.338920000000005,20.338920000000005,20.338920000000005,20.338920000000005,69,69,69,69,7,0.5
14.033519999999998,14.033519999999998,14.033519999999998,14.033519999999998,46,46,46,46,7,0.5
28.01088,28.01088,28.01088,28.01088,96,96,96,96,7,0.5
14.06916,14.06916,14.06916,14.06916,45,45,45,45,7,0.5
19.54512,19.54512,19.54512,19.54512,66,66,66,66,7,0.5
18.62712,18.62712,18.62712,18.62712,62,62,62,62,7,0.5
83.77836,23.810760000000005,23.810760000000005,23.810760000000005,78,79,79,79,8,0.5
14.93316,14.93316,14.93316,14.93316,47,47,47,47,8,0.5
25.581960000000006,25.581960000000006,25.581960000000006,25.581960000000006,86,86,86,86,8,0.5
28.236959999999996,28.236959999999996,28.236959999999996,28.236959999999996,100,100,100,100,8,0.5
84.15491999999999,25.23924,24.93828,24.93828,88,91,90,90,8,0.5
28.670399999999997,28.670399999999997,28.670399999999997,28.670399999999997,101,101,101,101,8,0.5
24.88896,24.88896,24.88896,24.88896,82,82,82,82,8,0.5
27.050039999999992,27.050039999999992,27.050039999999992,27.050039999999992,90,90,90,90,8,0.5
77.64107999999999,17.673479999999998,17.673479999999998,17.673479999999998,55,56,56,56,8,0.5
12.966840000000001,12.966840000000001,12.966840000000001,12.966840000000001,45,45,45,45,8,0.5
74.55696,15.60528,14.9544,14.8428,56,63,59,58,9,0.5
82.20515999999998,22.215600000000002,22.215600000000002,22.215600000000002,76,77,77,77,9,0.5
24.9876,24.9876,24.9876,24.9876,90,90,90,90,9,0.5
17.373960000000004,17.373960000000004,17.373960000000004,17.373960000000004,62,62,62,62,9,0.5
70.99943999999999,12.04776,11.39688,11.28528,46,53,49,48,9,0.5
78.88704,18.897479999999998,18.897479999999998,18.897479999999998,68,69,69,69,9,0.5
86.13168000000003,26.142119999999995,26.142119999999995,26.142119999999995,91,92,92,92,9,0.5
75.92964,15.940079999999996,15.940079999999996,15.940079999999996,55,56,56,56,9,0.5
14.86872,14.86872,14.86872,14.86872,52,52,52,52,9,0.5
14.480279999999997,14.480279999999997,14.480279999999997,14.480279999999997,46,46,46,46,9,0.5
132.9996,15.305040000000002,15.305040000000002,14.402519999999999,46,46,46,54,0,1.0
88.00800000000001,28.88604,28.88604,28.036440000000002,95,98,98,96,0,1.0
77.81172,18.68976000000001,18.68976000000001,17.840160000000004,64,67,67,65,0,1.0
20.30184,20.30184,20.30184,20.30184,72,72,72,72,0,1.0
144.96635999999992,26.75304,26.75304,25.286399999999993,82,86,86,82,0,1.0
96.23976000000003,37.117799999999974,36.26819999999998,36.26819999999998,122,125,123,123,0,1.0
73.13028,13.38948,13.38948,13.18932,45,45,45,45,0,1.0
12.675959999999998,12.675959999999998,12.675959999999998,12.675959999999998,42,42,42,42,0,1.0
135.70752000000002,19.998360000000005,19.998360000000005,19.966320000000007,51,58,58,57,0,1.0
19.56348,19.56348,19.56348,19.56348,65,65,65,65,0,1.0
16.010279999999998,16.010279999999998,16.010279999999998,16.010279999999998,50,50,50,50,1,1.0
101.24592000000001,42.320879999999974,41.452199999999976,41.452199999999976,142,146,145,145,1,1.0
11.599559999999999,11.599559999999999,11.599559999999999,11.599559999999999,41,41,41,41,1,1.0
24.873480000000008,24.873480000000008,24.873480000000008,24.873480000000008,90,90,90,90,1,1.0
20.97827999999999,20.97827999999999,20.97827999999999,20.97827999999999,73,73,73,73,1,1.0
70.86228000000001,11.937240000000001,11.937240000000001,11.127600000000003,40,44,44,43,1,1.0
100.60224000000004,41.67720000000001,41.67720000000001,40.80852,138,142,142,141,1,1.0
100.42224000000004,41.49719999999999,41.49719999999999,41.16743999999999,132,136,136,136,1,1.0
87.28944000000003,28.189440000000005,28.189440000000005,28.189440000000005,94,98,98,98,1,1.0
20.06064,20.06064,20.06064,20.06064,72,72,72,72,1,1.0
94.41888000000003,34.64963999999999,34.64963999999999,34.64963999999999,118,120,120,120,2,1.0
76.80515999999997,17.08848,17.08848,16.910999999999998,55,57,57,55,2,1.0
75.64992000000005,16.657200000000003,16.657200000000003,16.657200000000003,49,53,53,53,2,1.0
16.366319999999995,16.366319999999995,16.366319999999995,16.366319999999995,48,48,48,48,2,1.0
91.71275999999999,36.58067999999997,32.316839999999985,32.316839999999985,106,129,107,107,2,1.0
19.45476,19.45476,19.45476,19.45476,71,71,71,71,2,1.0
15.453359999999996,15.453359999999996,15.453359999999996,15.453359999999996,53,53,53,53,2,1.0
17.426160000000003,17.426160000000003,17.426160000000003,17.426160000000003,63,63,63,63,2,1.0
22.214160000000003,22.214160000000003,22.214160000000003,22.214160000000003,73,73,73,73,2,1.0
79.88028,20.11104,20.11104,20.11104,69,71,71,71,2,1.0
12.65112,12.65112,12.65112,12.65112,47,47,47,47,3,1.0
139.26684000000003,20.186640000000004,20.186640000000004,19.34388,70,76,76,73,3,1.0
18.747,18.747,18.747,18.747,63,63,63,63,3,1.0
18.16344,18.16344,18.16344,18.16344,61,61,61,61,3,1.0
22.784760000000006,22.784760000000006,22.784760000000006,22.784760000000006,77,77,77,77,3,1.0
79.76688,20.279159999999997,20.279159999999997,19.8018,67,70,70,68,3,1.0
160.2044400000001,41.12423999999999,41.12423999999999,40.281479999999995,133,139,139,136,3,1.0
160.9989600000001,41.918760000000006,41.918760000000006,41.07600000000001,140,146,146,143,3,1.0
155.1428400000001,36.06263999999999,36.06263999999999,35.219879999999996,120,126,126,123,3,1.0
11.696399999999999,11.696399999999999,11.696399999999999,11.696399999999999,45,45,45,45,3,1.0
90.58848000000002,90.58848000000002,34.444079999999985,31.331519999999998,105,105,115,105,4,1.0
138.28476000000003,138.28476000000003,82.35276,78.96155999999999,65,65,78,69,4,1.0
72.50352,13.970159999999998,13.970159999999998,12.846599999999999,41,47,47,40,4,1.0
76.95528,76.95528,20.81088,17.698320000000002,57,57,67,57,4,1.0
85.72272000000002,26.538840000000008,26.217000000000006,25.8354,79,77,75,80,4,1.0
78.15912000000002,19.468799999999995,19.468799999999995,18.39167999999999,66,73,73,65,4,1.0
149.40120000000002,90.6252,34.48080000000001,30.508919999999986,97,104,114,99,4,1.0
76.87031999999999,17.949959999999997,17.628119999999996,17.040599999999998,54,55,53,57,4,1.0
92.76720000000007,34.076879999999996,34.076879999999996,32.99975999999999,115,122,122,114,4,1.0
157.09980000000002,98.3238,42.1794,38.0754,128,135,145,127,4,1.0
76.61292000000003,17.770679999999995,17.770679999999995,17.672039999999992,61,63,63,63,5,1.0
216.64583999999994,99.23100000000002,38.67948000000001,37.53108000000001,124,131,126,124,5,1.0
86.82792000000005,27.98568,27.98568,26.83728,94,96,96,94,5,1.0
72.68747999999997,14.582159999999998,14.582159999999998,13.336559999999999,41,48,48,44,5,1.0
211.16483999999997,93.75000000000001,33.19848000000001,32.05008000000001,101,108,103,101,5,1.0
15.833159999999998,15.833159999999998,15.833159999999998,15.833159999999998,52,52,52,52,5,1.0
156.43452000000008,39.019679999999994,38.24927999999999,37.10087999999999,125,132,126,124,5,1.0
146.41284000000002,28.998,28.227599999999995,27.079199999999993,84,91,85,83,5,1.0
148.0306800000001,30.61583999999999,29.467439999999993,28.96991999999999,98,105,103,102,5,1.0
18.337680000000002,18.337680000000002,18.337680000000002,18.337680000000002,64,64,64,64,5,1.0
16.1496,16.1496,16.1496,16.1496,60,60,60,60,6,1.0
102.47928000000006,44.298719999999996,43.06751999999999,43.06751999999999,145,153,147,147,6,1.0
144.91956000000005,86.73900000000003,85.50780000000003,25.791480000000004,86,94,88,91,6,1.0
18.512640000000005,18.512640000000005,18.512640000000005,18.512640000000005,65,65,65,65,6,1.0
96.60407999999997,38.738159999999986,37.50695999999998,37.50695999999998,124,134,128,128,6,1.0
84.24996,26.069400000000005,24.838200000000008,24.838200000000008,85,93,87,87,6,1.0
20.085480000000004,20.085480000000004,20.085480000000004,20.085480000000004,66,66,66,66,6,1.0
23.893919999999998,23.893919999999998,23.893919999999998,23.893919999999998,75,75,75,75,6,1.0
74.11308000000004,74.11308000000004,74.11308000000004,14.397120000000003,44,44,44,45,6,1.0
78.87552000000001,20.694959999999995,19.46375999999999,19.46375999999999,67,75,69,69,6,1.0
223.8984,44.46395999999999,44.1954,44.1954,151,161,156,156,7,1.0
16.00992,16.00992,16.00992,16.00992,50,50,50,50,7,1.0
195.08291999999994,60.11784000000003,59.92056000000003,31.835160000000005,50,202,202,103,7,1.0
85.42140000000005,44.824680000000015,44.62740000000001,33.95844,78,152,152,118,7,1.0
164.97768000000002,45.6732,45.41148,45.41148,156,163,161,161,7,1.0
194.19299999999998,15.025319999999997,15.025319999999997,14.828039999999994,50,52,52,52,7,1.0
136.47108,17.91684,17.91684,17.250480000000003,60,65,65,68,7,1.0
76.09128,16.246079999999996,16.246079999999996,16.181639999999994,55,59,59,57,7,1.0
13.987799999999998,13.987799999999998,13.987799999999998,13.987799999999998,48,48,48,48,7,1.0
17.62992,17.62992,17.62992,17.62992,61,61,61,61,7,1.0
87.684,27.967320000000008,27.967320000000008,27.967320000000008,97,99,99,99,8,1.0
85.10783999999998,27.01007999999999,27.01007999999999,25.14816,90,92,92,90,8,1.0
41.4792,41.4792,41.4792,41.4792,133,133,133,133,8,1.0
26.33544,26.33544,26.33544,26.33544,83,83,83,83,8,1.0
22.97051999999999,22.97051999999999,22.97051999999999,22.97051999999999,84,84,84,84,8,1.0
91.95612000000004,32.23943999999999,32.23943999999999,32.06195999999999,105,107,107,105,8,1.0
148.30968,32.18652000000001,30.29724,28.435320000000008,98,106,102,100,8,1.0
107.22228,47.50559999999998,47.50559999999998,47.50559999999998,161,163,163,163,8,1.0
26.49564,26.49564,26.49564,26.49564,89,89,89,89,8,1.0
79.13939999999998,19.42272,19.42272,19.42272,65,67,67,67,8,1.0
14.285879999999999,14.285879999999999,14.285879999999999,14.285879999999999,44,44,44,44,9,1.0
17.916120000000003,17.916120000000003,17.916120000000003,17.916120000000003,64,64,64,64,9,1.0
29.264759999999992,29.264759999999992,29.264759999999992,29.264759999999992,96,96,96,96,9,1.0
20.105639999999998,20.105639999999998,20.105639999999998,20.105639999999998,74,74,74,74,9,1.0
23.764679999999995,23.764679999999995,23.764679999999995,23.764679999999995,84,84,84,84,9,1.0
13.18932,13.18932,13.18932,13.18932,44,44,44,44,9,1.0
74.10695999999997,15.191279999999999,15.191279999999999,15.00768,46,51,51,50,9,1.0
18.385920000000002,18.385920000000002,18.385920000000002,18.385920000000002,68,68,68,68,9,1.0
130.42199999999994,10.5408,10.5408,10.5408,42,42,42,42,9,1.0
13.25484,13.25484,13.25484,13.25484,42,42,42,42,9,1.0
82.71096000000001,23.973480000000006,23.973480000000006,22.754520000000007,76,79,79,75,0,1.5
191.79000000000002,13.476959999999998,13.476959999999998,13.319279999999997,45,47,47,50,0,1.5
17.194319999999998,17.194319999999998,17.194319999999998,17.194319999999998,59,59,59,59,0,1.5
71.14992000000001,11.17764,11.17764,11.17764,40,41,41,41,0,1.5
264.10848000000004,24.921719999999997,24.572879999999984,24.572879999999984,87,91,93,93,0,1.5
264.3341999999999,87.24624,87.24624,24.993720000000007,79,89,89,90,0,1.5
257.70408,79.57355999999997,79.57355999999997,18.032040000000002,62,66,66,64,0,1.5
145.16579999999996,26.459999999999997,26.459999999999997,25.827840000000002,88,92,92,89,0,1.5
79.44684000000001,20.822039999999998,20.822039999999998,19.603080000000002,64,68,68,64,0,1.5
334.5952799999999,96.49248000000003,35.87004,34.95096,116,121,121,119,0,1.5
19.315800000000003,19.315800000000003,19.315800000000003,19.315800000000003,67,67,67,67,1,1.5
15.032160000000003,15.032160000000003,15.032160000000003,15.032160000000003,53,53,53,53,1,1.5
143.72760000000005,24.379920000000002,24.379920000000002,23.826960000000007,80,83,83,80,1,1.5
16.019280000000002,16.019280000000002,16.019280000000002,16.019280000000002,56,56,56,56,1,1.5
75.07499999999999,17.77752,16.92648,15.774839999999998,49,57,57,52,1,1.5
17.041319999999995,17.041319999999995,17.041319999999995,17.041319999999995,56,56,56,56,1,1.5
89.52899999999998,32.23152000000001,31.380480000000002,29.699279999999998,103,111,111,106,1,1.5
11.436120000000003,11.436120000000003,11.436120000000003,11.436120000000003,45,45,45,45,1,1.5
13.077,13.077,13.077,13.077,53,53,53,53,1,1.5
12.625919999999997,12.625919999999997,12.625919999999997,12.625919999999997,43,43,43,43,1,1.5
19.73772,19.73772,19.73772,19.73772,72,72,72,72,2,1.5
22.65516,22.65516,22.65516,22.65516,68,68,68,68,2,1.5
130.46016000000003,13.878359999999999,13.277519999999999,11.89584,42,51,49,45,2,1.5
20.689199999999996,20.689199999999996,20.689199999999996,20.689199999999996,67,67,67,67,2,1.5
18.779400000000006,18.779400000000006,18.779400000000006,18.779400000000006,64,64,64,64,2,1.5
22.5828,22.5828,22.5828,22.5828,81,81,81,81,2,1.5
15.171840000000001,15.171840000000001,15.171840000000001,15.171840000000001,52,52,52,52,2,1.5
17.654400000000006,17.654400000000006,17.654400000000006,17.654400000000006,59,59,59,59,2,1.5
22.828680000000006,22.828680000000006,22.828680000000006,22.828680000000006,84,84,84,84,2,1.5
89.21688000000002,29.63736,29.63736,29.275919999999996,95,97,97,95,2,1.5
36.69948000000001,36.69948000000001,36.69948000000001,36.69948000000001,122,122,122,122,3,1.5
132.93192000000002,74.76252,74.76252,72.97692,42,49,49,41,3,1.5
91.35995999999997,31.696559999999995,31.696559999999995,31.502519999999997,103,105,105,105,3,1.5
73.50287999999999,15.333480000000003,15.333480000000003,13.547880000000001,51,58,58,50,3,1.5
82.70591999999998,25.48044,25.48044,23.334480000000003,79,87,87,84,3,1.5
80.41811999999997,20.89728000000001,20.89728000000001,20.65212000000001,69,70,70,68,3,1.5
82.47227999999996,24.302879999999995,24.302879999999995,22.517279999999996,71,78,78,70,3,1.5
18.388800000000003,18.388800000000003,18.388800000000003,18.388800000000003,67,67,67,67,3,1.5
12.256559999999999,12.256559999999999,12.256559999999999,12.256559999999999,43,43,43,43,3,1.5
76.92395999999997,19.698480000000007,19.698480000000007,18.20232,58,66,66,64,3,1.5
76.08768000000002,19.826999999999995,19.826999999999995,16.255439999999993,55,61,61,60,4,1.5
82.42295999999997,23.414759999999994,23.279759999999992,22.628519999999998,82,88,88,81,4,1.5
74.55011999999999,15.24816,14.940000000000001,14.601600000000001,48,47,48,47,4,1.5
73.18751999999999,13.637160000000002,13.328280000000001,13.18824,49,50,49,47,4,1.5
15.522120000000001,15.522120000000001,15.522120000000001,15.522120000000001,54,54,54,54,4,1.5
22.420799999999993,22.420799999999993,22.420799999999993,22.420799999999993,72,72,72,72,4,1.5
69.92699999999999,10.157760000000001,10.157760000000001,10.157760000000001,44,46,46,46,4,1.5
13.989959999999996,13.989959999999996,13.989959999999996,13.989959999999996,43,43,43,43,4,1.5
79.45296000000003,23.192279999999997,23.192279999999997,19.62072,62,68,68,67,4,1.5
16.114320000000003,16.114320000000003,16.114320000000003,16.114320000000003,54,54,54,54,4,1.5
79.76004000000003,20.05164000000001,20.05164000000001,20.05164000000001,61,60,60,60,5,1.5
79.79172000000001,20.083319999999993,20.083319999999993,20.083319999999993,68,67,67,67,5,1.5
20.52864,20.52864,20.52864,20.52864,65,65,65,65,5,1.5
18.641520000000007,18.641520000000007,18.641520000000007,18.641520000000007,61,61,61,61,5,1.5
78.13211999999999,78.13211999999999,78.74448,18.6336,60,60,62,63,5,1.5
19.37088,19.37088,19.37088,19.37088,62,62,62,62,5,1.5
166.73340000000005,107.02500000000003,107.02500000000003,47.22119999999998,159,158,158,158,5,1.5
83.38344,23.675040000000006,23.675040000000006,23.675040000000006,77,76,76,76,5,1.5
85.13304,25.424640000000004,25.424640000000004,25.424640000000004,89,88,88,88,5,1.5
132.33972,13.6944,13.6944,13.580639999999999,41,42,42,49,5,1.5
85.85015999999999,26.848080000000003,26.848080000000003,26.4384,87,90,90,89,6,1.5
14.419080000000001,14.419080000000001,14.419080000000001,14.419080000000001,43,43,43,43,6,1.5
100.05144000000004,40.335119999999996,40.335119999999996,40.25772,135,140,140,138,6,1.5
15.237359999999999,15.237359999999999,15.237359999999999,15.237359999999999,47,47,47,47,6,1.5
92.04504000000004,32.32871999999999,32.32871999999999,32.30027999999999,96,101,101,99,6,1.5
85.55424,26.552160000000008,26.552160000000008,26.14248000000001,89,92,92,91,6,1.5
12.283559999999998,12.283559999999998,12.283559999999998,12.283559999999998,42,42,42,42,6,1.5
74.17464000000001,15.210360000000001,15.210360000000001,14.476319999999998,53,55,55,56,6,1.5
18.432000000000002,18.432000000000002,18.432000000000002,18.432000000000002,66,66,66,66,6,1.5
169.5986400000001,50.88023999999999,50.88023999999999,50.39315999999999,173,181,181,178,6,1.5
350.52564,113.24976000000001,54.07992,52.119719999999994,172,189,191,178,7,1.5
158.04335999999992,39.5028,39.324960000000004,38.14524000000001,129,139,137,134,7,1.5
156.25811999999993,36.98855999999997,36.98855999999997,36.49355999999998,121,125,125,122,7,1.5
12.36492,12.36492,12.36492,12.36492,43,43,43,43,7,1.5
24.02388,24.02388,24.02388,24.02388,81,81,81,81,7,1.5
228.76776000000004,109.08492000000001,109.08492000000001,108.90708000000001,167,172,172,170,7,1.5
288.95423999999997,50.708520000000014,50.708520000000014,49.21091999999998,171,185,185,177,7,1.5
31.32072,31.32072,31.32072,31.32072,108,108,108,108,7,1.5
24.36012000000001,24.36012000000001,24.36012000000001,24.36012000000001,82,82,82,82,7,1.5
91.80960000000003,32.015879999999996,32.015879999999996,31.838039999999996,109,112,112,110,7,1.5
77.26776,17.559359999999998,17.559359999999998,17.559359999999998,52,51,51,51,8,1.5
14.7762,14.7762,14.7762,14.7762,48,48,48,48,8,1.5
258.14868,79.37844000000001,79.37844000000001,78.58464000000001,60,65,65,69,8,1.5
152.2279199999999,32.86115999999999,32.86115999999999,32.86115999999999,106,110,110,110,8,1.5
136.72956000000002,19.361880000000003,19.361880000000003,17.06148,58,61,61,57,8,1.5
74.95511999999998,14.987519999999996,14.987519999999996,14.987519999999996,50,51,51,51,8,1.5
282.82955999999996,43.43507999999999,42.997319999999995,42.997319999999995,151,155,153,153,8,1.5
70.80252,14.03064,14.03064,12.499560000000002,41,49,49,44,8,1.5
13.33908,13.33908,13.33908,13.33908,51,51,51,51,8,1.5
141.39948000000004,21.908520000000006,21.470760000000006,21.470760000000006,78,81,79,79,8,1.5
12.598199999999999,12.598199999999999,12.598199999999999,12.598199999999999,51,51,51,51,9,1.5
159.82392000000007,40.85423999999999,40.85423999999999,40.421519999999994,135,142,142,140,9,1.5
73.3794,15.339959999999994,15.339959999999994,14.268599999999996,41,47,47,44,9,1.5
25.530120000000004,25.530120000000004,25.530120000000004,25.530120000000004,84,84,84,84,9,1.5
154.59311999999997,35.62343999999998,35.62343999999998,35.19071999999998,115,122,122,120,9,1.5
137.00028,18.0306,18.0306,17.59788,55,62,62,60,9,1.5
83.16708000000001,23.322959999999995,23.322959999999995,23.322959999999995,83,81,81,81,9,1.5
81.93804000000002,21.962160000000004,21.962160000000004,21.962160000000004,78,77,77,77,9,1.5
9.96768,9.96768,9.96768,9.96768,44,44,44,44,9,1.5
23.20524,23.20524,23.20524,23.20524,71,71,71,71,9,1.5
82.49424000000006,23.933519999999994,23.917679999999997,22.726799999999997,83,95,90,82,0,2.0
74.4396,14.922359999999998,14.922359999999998,14.478839999999998,47,50,50,48,0,2.0
275.30088000000006,37.956959999999974,37.941120000000005,36.14112000000001,122,135,130,121,0,2.0
212.67612000000008,34.83648,34.82064,33.02064,109,124,119,110,0,2.0
206.67024000000004,27.96407999999999,27.96407999999999,27.354959999999995,92,96,96,95,0,2.0
281.12136,43.85447999999997,43.83864,42.03864,143,159,154,145,0,2.0
76.17083999999998,16.743600000000004,16.743600000000004,16.743600000000004,59,60,60,60,0,2.0
207.53028000000006,32.469120000000004,32.469120000000004,27.86544,89,96,96,99,0,2.0
147.0842399999999,27.396,27.396,27.396,90,92,92,92,0,2.0
77.92224000000004,18.68688,18.68688,18.68688,59,62,62,62,0,2.0
158.57724,98.72952000000004,38.75795999999999,38.75795999999999,128,129,130,130,1,2.0
86.59284000000001,28.261440000000004,27.06408,27.06408,93,95,89,89,1,2.0
12.52656,12.52656,12.52656,12.52656,45,45,45,45,1,2.0
206.52803999999995,87.34992000000001,27.333360000000003,26.796240000000008,91,94,97,95,1,2.0
144.14484000000002,24.52572,25.755119999999998,24.363719999999997,84,80,83,81,1,2.0
216.52164,98.32848000000006,37.15955999999999,37.15955999999999,124,130,125,125,1,2.0
221.98428000000004,103.80516000000004,42.63624,42.63624,144,147,142,142,1,2.0
83.52564000000005,23.677919999999997,24.907319999999995,23.677919999999997,78,79,82,79,1,2.0
261.11615999999987,84.46055999999999,23.866559999999996,22.001400000000004,73,83,79,76,1,2.0
78.31859999999998,18.777600000000003,18.53856,18.53856,63,65,63,63,1,2.0
20.65068,20.65068,20.65068,20.65068,66,66,66,66,2,2.0
80.81160000000001,22.311359999999993,20.91059999999999,20.91059999999999,76,81,75,75,2,2.0
134.69772,15.595199999999997,15.342119999999996,15.290639999999994,49,51,53,54,2,2.0
15.731279999999996,15.731279999999996,15.731279999999996,15.731279999999996,53,53,53,53,2,2.0
79.39212,19.902960000000004,19.649880000000003,19.5984,68,68,70,71,2,2.0
217.43928000000005,40.72464000000001,38.67191999999999,38.62043999999999,130,141,135,136,2,2.0
92.52347999999999,34.02324000000001,32.622479999999996,32.622479999999996,110,115,109,109,2,2.0
22.646880000000007,22.646880000000007,22.646880000000007,22.646880000000007,74,74,74,74,2,2.0
217.68624000000003,41.40035999999999,39.99959999999999,37.80611999999999,127,140,134,128,2,2.0
161.41908000000004,43.429679999999976,41.775839999999974,41.724359999999976,143,148,144,145,2,2.0
83.16887999999993,26.725320000000007,26.725320000000007,23.81796000000001,82,96,96,85,3,2.0
76.72991999999999,20.080080000000002,20.080080000000002,16.91244,53,62,62,59,3,2.0
152.25168000000002,34.1928,34.1928,32.49072,111,116,116,116,3,2.0
135.06240000000005,16.30728,16.30728,15.509519999999998,49,52,52,48,3,2.0
261.87755999999996,27.896399999999993,26.514719999999997,24.660359999999997,77,95,91,81,3,2.0
145.47684000000004,29.36268,29.36268,26.175600000000003,83,97,97,86,3,2.0
141.12876,23.06988,23.06988,21.30156,67,72,72,69,3,2.0
12.576239999999999,12.576239999999999,12.576239999999999,12.576239999999999,40,40,40,40,3,2.0
219.3670800000001,41.637599999999985,41.637599999999985,39.655799999999985,135,140,140,140,3,2.0
206.03736000000004,29.394000000000002,26.59715999999999,26.59715999999999,83,97,83,83,3,2.0
74.9976,15.370920000000002,15.370920000000002,15.370920000000002,53,54,54,54,4,2.0
78.72864000000001,19.179,18.745559999999998,18.745559999999998,63,65,63,63,4,2.0
80.50416,20.723039999999997,20.723039999999997,20.723039999999997,66,67,67,67,4,2.0
75.34608,15.564960000000001,15.564960000000001,15.564960000000001,51,52,52,52,4,2.0
78.31572,18.68904,18.68904,18.68904,60,61,61,61,4,2.0
18.009359999999997,18.009359999999997,18.009359999999997,18.009359999999997,63,63,63,63,4,2.0
132.05603999999994,12.509280000000002,12.509280000000002,12.313800000000002,46,49,49,47,4,2.0
12.069719999999997,12.069719999999997,12.069719999999997,12.069719999999997,40,40,40,40,4,2.0
139.72584000000003,20.300040000000003,20.300040000000003,19.866600000000002,67,69,69,67,4,2.0
70.53827999999999,10.911600000000004,10.911600000000004,10.911600000000004,40,41,41,41,4,2.0
16.378559999999997,16.378559999999997,16.378559999999997,16.378559999999997,53,53,53,53,5,2.0
136.18596000000002,19.85976000000001,17.63928,16.22628,60,71,59,60,5,2.0
144.61608000000004,28.289880000000004,26.0694,24.656400000000012,88,99,87,88,5,2.0
73.40748,13.59576,13.59576,13.4316,44,44,44,43,5,2.0
78.57024000000006,19.9656,19.9656,19.39896,58,64,64,62,5,2.0
140.19132,23.86512,21.64464,20.231640000000002,73,84,72,73,5,2.0
74.22684,74.22684,14.484599999999991,14.484599999999991,49,49,51,51,5,2.0
204.07031999999992,28.087560000000007,28.087560000000007,25.58052000000001,84,100,100,88,5,2.0
201.11040000000003,22.712760000000006,22.36932,21.268800000000006,76,79,77,79,5,2.0
11.654639999999997,11.654639999999997,11.654639999999997,11.654639999999997,44,44,44,44,5,2.0
92.50043999999997,35.832240000000006,39.74076000000002,33.2334,112,126,137,112,6,2.0
74.89175999999999,15.927480000000001,15.927480000000001,15.246720000000002,47,49,49,52,6,2.0
141.71555999999998,31.036320000000007,30.133440000000007,27.741960000000006,68,89,87,78,6,2.0
25.953840000000007,25.953840000000007,25.953840000000007,25.953840000000007,89,89,89,89,6,2.0
80.60243999999999,23.93424,27.842759999999995,23.56056,72,86,97,82,6,2.0
198.93131999999997,22.35924000000001,21.23496000000001,19.561680000000006,61,76,68,62,6,2.0
80.29391999999999,21.10356000000001,21.10356000000001,20.577600000000007,65,69,69,70,6,2.0
209.71620000000001,32.70203999999999,31.577759999999998,30.051360000000003,106,118,110,111,6,2.0
276.4337999999999,40.44023999999999,39.31595999999999,37.18151999999998,118,135,127,125,6,2.0
290.27579999999995,54.435960000000016,51.9408,50.940360000000005,172,189,177,177,6,2.0
98.2518,38.78747999999998,38.78747999999998,38.30147999999999,130,132,132,130,7,2.0
18.754560000000005,18.754560000000005,18.754560000000005,18.754560000000005,66,66,66,66,7,2.0
79.55664000000002,20.09232,20.09232,19.60632,71,73,73,71,7,2.0
80.06784000000005,80.06784000000005,80.06784000000005,20.212200000000003,64,64,64,66,7,2.0
195.27011999999988,21.785400000000006,21.785400000000006,16.6824,52,75,75,54,7,2.0
259.65420000000006,22.535999999999998,20.213999999999995,20.213999999999995,60,74,60,60,7,2.0
12.620159999999998,12.620159999999998,12.620159999999998,12.620159999999998,44,44,44,44,7,2.0
18.973799999999994,18.973799999999994,18.973799999999994,18.973799999999994,65,65,65,65,7,2.0
215.2861200000001,96.45936000000007,95.34264000000006,35.401680000000006,122,129,125,125,7,2.0
96.45144000000002,36.98711999999999,36.98711999999999,36.501119999999986,123,125,125,123,7,2.0
15.67188,15.67188,15.67188,15.67188,51,51,51,51,8,2.0
143.05620000000008,23.933160000000004,23.933160000000004,23.489640000000005,70,75,75,73,8,2.0
14.112720000000001,14.112720000000001,14.112720000000001,14.112720000000001,51,51,51,51,8,2.0
155.34588000000016,36.92339999999999,36.92339999999999,35.70191999999998,122,131,131,124,8,2.0
80.28743999999999,21.46176,21.46176,20.61684,70,75,75,70,8,2.0
25.735680000000002,25.735680000000002,25.735680000000002,25.735680000000002,86,86,86,86,8,2.0
16.450200000000006,16.450200000000006,16.450200000000006,16.450200000000006,58,58,58,58,8,2.0
76.326,17.50032,17.50032,16.6554,61,66,66,61,8,2.0
14.184360000000002,14.184360000000002,14.184360000000002,14.184360000000002,57,57,57,57,8,2.0
24.80292,24.80292,24.80292,24.80292,79,79,79,79,8,2.0
21.741840000000003,21.741840000000003,21.741840000000003,21.741840000000003,74,74,74,74,9,2.0
132.68064000000004,72.89952000000001,12.998880000000002,12.998880000000002,42,43,42,42,9,2.0
90.52476000000004,30.846239999999998,30.846239999999998,30.615119999999997,103,105,105,105,9,2.0
15.34248,15.34248,15.34248,15.34248,57,57,57,57,9,2.0
70.5012,12.434039999999996,12.434039999999996,11.032559999999998,48,56,56,50,9,2.0
23.58252000000001,23.58252000000001,23.58252000000001,23.58252000000001,81,81,81,81,9,2.0
86.71416000000005,27.035640000000004,27.035640000000004,26.804520000000004,92,94,94,94,9,2.0
27.40572000000001,27.40572000000001,27.40572000000001,27.40572000000001,91,91,91,91,9,2.0
74.45256,14.671439999999999,14.671439999999999,14.671439999999999,50,51,51,51,9,2.0
140.59452,23.2956,21.64716,21.64716,70,81,75,75,9,2.0
141.54600000000002,23.643720000000002,23.643720000000002,21.61188,71,77,77,71,0,2.5
23.06664,23.06664,23.06664,23.06664,83,83,83,83,0,2.5
21.825360000000007,21.825360000000007,21.825360000000007,21.825360000000007,69,69,69,69,0,2.5
72.5676,12.896999999999998,12.896999999999998,12.61728,43,43,43,43,0,2.5
87.83160000000001,28.16100000000001,28.16100000000001,27.939960000000006,100,100,100,98,0,2.5
201.67416,24.747840000000004,23.73732,21.87216,77,88,83,79,0,2.5
85.07184000000001,25.401240000000005,25.401240000000005,25.180200000000003,86,86,86,84,0,2.5
134.3334,15.987240000000002,15.987240000000002,15.091199999999999,44,47,47,43,0,2.5
81.2094,22.089599999999994,22.089599999999994,21.467159999999996,75,77,77,77,0,2.5
145.57584000000006,28.050840000000008,28.050840000000008,25.842960000000012,84,90,90,86,0,2.5
78.57996,18.798840000000006,18.798840000000006,18.798840000000006,63,64,64,64,1,2.5
145.54452000000003,86.61623999999999,86.61623999999999,26.873280000000005,87,92,92,91,1,2.5
11.820240000000004,11.820240000000004,11.820240000000004,11.820240000000004,43,43,43,43,1,2.5
83.64840000000004,83.64840000000004,24.80615999999999,24.80615999999999,77,77,79,79,1,2.5
85.16255999999998,25.381440000000005,25.381440000000005,25.381440000000005,88,89,89,89,1,2.5
15.545880000000002,15.545880000000002,15.545880000000002,15.545880000000002,47,47,47,47,1,2.5
133.56984000000003,76.00776000000002,17.16552,14.767560000000001,46,55,57,48,1,2.5
220.4182799999999,101.44680000000001,42.28775999999999,41.80932,141,144,144,141,1,2.5
168.3926400000001,108.61152000000004,49.76927999999998,49.76927999999998,173,174,176,176,1,2.5
14.8014,14.8014,14.8014,14.8014,49,49,49,49,1,2.5
18.95724,18.95724,18.95724,18.95724,65,65,65,65,2,2.5
77.59680000000002,17.863560000000003,17.975880000000004,17.863560000000003,56,53,58,53,2,2.5
273.11676000000006,94.53227999999999,33.966719999999995,33.71255999999999,112,117,120,113,2,2.5
191.54664000000002,15.21036,14.559479999999999,12.486600000000001,45,54,50,48,2,2.5
147.74664000000013,147.74664000000013,87.84563999999999,28.0926,91,91,90,91,2,2.5
270.60503999999986,151.95324,91.38768000000005,91.13352000000003,92,98,101,94,2,2.5
84.36336000000003,25.419600000000006,24.665039999999998,24.665039999999998,80,86,83,83,2,2.5
71.30112000000003,71.30112000000003,71.30112000000003,11.621159999999998,48,48,48,49,2,2.5
77.38656,17.725680000000004,18.0,17.725680000000004,58,59,61,59,2,2.5
286.80215999999984,168.15036000000012,48.38220000000001,47.65068000000001,166,172,178,169,2,2.5
79.52387999999996,22.020120000000006,21.714840000000002,20.492280000000004,69,80,78,68,3,2.5
136.07292000000004,17.748359999999998,16.302239999999998,16.302239999999998,50,47,48,48,3,2.5
73.19652,73.19652,73.19652,13.88412,48,48,48,51,3,2.5
143.70420000000004,86.20044000000003,24.175439999999984,24.175439999999984,87,98,83,83,3,2.5
81.24503999999997,22.168080000000003,22.168080000000003,21.873600000000003,73,76,76,78,3,2.5
88.09512,30.48084,29.829960000000003,28.202760000000005,103,112,108,103,3,2.5
18.16776,18.16776,18.16776,18.16776,55,55,55,55,3,2.5
146.2116,88.70783999999999,26.682840000000002,26.666640000000005,92,103,88,87,3,2.5
146.69976000000003,89.196,27.171000000000006,27.171000000000006,90,101,86,86,3,2.5
142.36356000000006,112.84943999999996,50.824440000000024,33.267959999999995,71,178,163,105,3,2.5
143.94576,24.230879999999992,24.230879999999992,24.230879999999992,82,82,82,82,4,2.5
214.36452000000014,35.311679999999974,35.311679999999974,34.764479999999985,116,122,122,118,4,2.5
82.62168000000001,22.80852,22.80852,22.80852,74,73,73,73,4,2.5
18.05364,18.05364,18.05364,18.05364,61,61,61,61,4,2.5
78.29088000000003,18.95292,18.95292,18.52812,60,66,66,64,4,2.5
205.49483999999998,27.402120000000007,27.402120000000007,25.740000000000006,92,99,99,95,4,2.5
10.635479999999996,10.635479999999996,10.635479999999996,10.635479999999996,46,46,46,46,4,2.5
144.00372000000002,24.288840000000004,24.288840000000004,24.288840000000004,84,84,84,84,4,2.5
131.76263999999998,53.76995999999998,52.83287999999998,46.50156,47,180,179,159,4,2.5
285.9590399999999,47.63123999999998,47.63123999999998,46.45043999999997,154,159,159,157,4,2.5
144.26904,24.670440000000003,24.670440000000003,24.663960000000003,87,89,89,88,5,2.5
90.3858,90.3858,31.54356,31.54356,100,100,102,102,5,2.5
137.6184,77.70371999999996,18.646200000000004,18.646200000000004,61,62,64,64,5,2.5
199.36116000000004,140.53152000000003,81.74508000000003,21.742919999999998,71,78,82,76,5,2.5
72.76596000000002,13.08636,13.08636,13.08636,43,45,45,45,5,2.5
19.238760000000006,19.238760000000006,19.238760000000006,19.238760000000006,66,66,66,66,5,2.5
206.16480000000007,147.33516000000006,88.07567999999999,28.62,91,98,101,97,5,2.5
87.07271999999999,27.446039999999996,27.446039999999996,27.446039999999996,96,97,97,97,5,2.5
217.70748,100.26383999999999,39.84155999999998,39.22811999999998,131,143,140,134,5,2.5
147.34920000000008,88.51955999999998,29.911680000000004,28.64664000000001,95,102,109,99,5,2.5
15.673680000000001,15.673680000000001,15.673680000000001,15.673680000000001,50,50,50,50,6,2.5
84.98724000000001,26.902440000000006,26.902440000000006,25.575480000000002,86,96,96,88,6,2.5
13.76964,13.76964,13.76964,13.76964,47,47,47,47,6,2.5
75.32124000000002,17.236439999999998,15.909479999999999,15.909479999999999,54,64,56,56,6,2.5
138.91475999999997,19.581839999999996,19.581839999999996,19.55088,63,67,67,66,6,2.5
223.22052000000005,45.80279999999998,44.475839999999984,44.44487999999999,148,162,154,153,6,2.5
214.79760000000007,37.37988000000001,36.05292000000002,36.05292000000002,119,133,125,125,6,2.5
83.2164,26.22276,23.290560000000003,23.290560000000003,83,94,86,86,6,2.5
83.56956,23.920920000000002,23.775840000000002,23.775840000000002,76,76,79,79,6,2.5
73.85892,14.64876,14.64876,14.065199999999997,43,43,43,46,6,2.5
17.834759999999996,17.834759999999996,17.834759999999996,17.834759999999996,65,65,65,65,7,2.5
153.39504,35.435159999999996,35.41823999999999,34.09703999999999,112,119,119,113,7,2.5
209.89728000000005,32.1354,32.11847999999999,30.797279999999997,107,116,116,110,7,2.5
258.78659999999996,24.94296,21.12624,19.805039999999998,69,94,76,70,7,2.5
15.41916,15.41916,15.41916,15.41916,54,54,54,54,7,2.5
402.05447999999996,50.81832,47.00160000000001,43.283519999999996,142,175,157,144,7,2.5
138.17244,21.355919999999994,20.815919999999995,19.531439999999996,59,70,66,62,7,2.5
144.38568,30.30876000000001,30.30876000000001,26.87652000000001,75,91,91,77,7,2.5
135.62075999999996,18.228239999999996,18.228239999999996,18.228239999999996,54,62,62,62,7,2.5
134.17319999999992,16.509960000000007,16.493040000000004,15.171840000000003,45,55,55,49,7,2.5
74.32656000000001,15.847919999999995,15.847919999999995,15.024959999999997,49,53,53,49,8,2.5
20.809440000000006,20.809440000000006,20.809440000000006,20.809440000000006,72,72,72,72,8,2.5
75.05952000000003,15.098399999999998,15.098399999999998,15.098399999999998,56,56,56,56,8,2.5
134.0256,14.44104,14.26752,14.26752,53,55,53,53,8,2.5
148.31219999999996,28.66428,28.344600000000003,28.344600000000003,88,91,89,89,8,2.5
208.58111999999997,30.45455999999998,30.45455999999998,29.311919999999986,95,102,102,96,8,2.5
84.42492,25.47,25.47,24.850440000000006,83,87,87,85,8,2.5
140.65860000000004,22.366799999999994,22.286159999999985,21.463199999999983,73,77,80,76,8,2.5
137.29116,18.01476,18.01476,17.93412,63,66,66,69,8,2.5
135.16896,16.244999999999997,16.071479999999998,15.470639999999998,52,56,54,52,8,2.5
205.14492000000004,26.723159999999993,25.829280000000004,25.509600000000006,79,84,82,80,9,2.5
344.99856,108.46068000000004,47.76372,46.73268,158,172,166,160,9,2.5
132.53195999999997,74.13719999999999,13.215599999999998,13.215599999999998,45,49,44,44,9,2.5
339.25404000000003,102.71616000000003,43.36523999999999,40.98815999999999,129,143,140,131,9,2.5
269.05884,92.16888000000002,32.817960000000014,30.76055999999999,99,110,107,100,9,2.5
405.8125199999999,110.11488000000003,50.763959999999976,47.79504,158,176,173,160,9,2.5
326.59608000000003,93.41016000000003,93.22152000000004,28.907279999999997,91,111,110,93,9,2.5
80.51495999999999,20.867040000000003,20.547360000000005,20.547360000000005,70,73,71,71,9,2.5
267.87371999999993,90.98376000000002,31.632839999999998,29.57543999999999,92,103,100,93,9,2.5
79.77264000000001,20.6784,19.77552,19.77552,66,68,66,66,9,2.5
131.44404,19.092959999999998,17.85168,13.346639999999999,48,72,66,50,0,3.0
270.6342,34.505279999999985,32.664599999999986,31.604039999999983,102,115,108,102,0,3.0
388.93607999999995,34.41384,32.352119999999985,31.229639999999975,101,122,114,109,0,3.0
79.43748000000002,20.78495999999999,20.345039999999997,19.973519999999997,62,67,66,63,0,3.0
256.70399999999995,19.711800000000004,18.311040000000006,17.3358,58,69,63,57,0,3.0
330.97116000000005,45.46043999999999,43.21763999999999,32.576400000000014,108,155,145,112,0,3.0
135.66072,18.71604,16.7292,16.295759999999998,56,65,58,56,0,3.0
258.80747999999994,31.06728000000001,29.31912,22.84272,70,110,102,79,0,3.0
196.03620000000006,17.246159999999996,17.246159999999996,17.018639999999998,55,64,64,62,0,3.0
135.759,18.60624,16.827479999999998,16.39404,51,61,53,51,0,3.0
86.99820000000001,27.309599999999996,27.309599999999996,27.167399999999994,88,90,90,90,1,3.0
86.06292,26.37431999999999,26.37431999999999,26.232119999999988,83,85,85,85,1,3.0
76.48583999999998,76.48583999999998,76.48583999999998,17.058600000000006,63,63,63,64,1,3.0
281.7816000000001,162.09984000000009,102.61320000000009,42.53688,144,149,153,151,1,3.0
78.96876000000003,20.233439999999998,20.233439999999998,20.233439999999998,64,63,63,63,1,3.0
15.318719999999999,15.318719999999999,15.318719999999999,15.318719999999999,46,46,46,46,1,3.0
206.5842,206.5842,87.32400000000001,27.389879999999998,94,94,99,97,1,3.0
84.39576,84.39576,24.909119999999994,24.680879999999995,84,84,88,84,1,3.0
77.27676000000001,77.27676000000001,77.27676000000001,17.849519999999995,58,58,58,59,1,3.0
138.33840000000004,78.6498,19.163159999999998,18.836640000000003,63,65,69,61,1,3.0
9.2286,9.2286,9.2286,9.2286,41,41,41,41,2,3.0
133.51548,13.920480000000001,13.920480000000001,13.703040000000001,51,57,57,56,2,3.0
69.9882,11.10744,11.10744,10.289880000000004,40,42,42,40,2,3.0
76.75224,18.386280000000003,18.386280000000003,16.864919999999994,59,62,62,60,2,3.0
342.0166799999999,43.26876,43.26876,42.764759999999995,147,156,156,156,2,3.0
392.87771999999984,96.25164000000001,36.33588,34.48404000000001,106,122,123,121,2,3.0
277.8914399999998,39.11508000000001,39.11508000000001,38.61108000000001,131,139,139,139,2,3.0
71.72771999999999,61.25975999999998,59.051519999999975,39.58559999999999,41,206,199,140,2,3.0
210.50712000000007,31.452120000000004,31.452120000000004,30.61512,108,114,114,108,2,3.0
132.03479999999996,61.641359999999985,59.43311999999998,40.281119999999994,41,207,200,138,2,3.0
145.46892000000003,27.016560000000002,26.026199999999992,26.026199999999992,85,94,90,90,3,3.0
86.88372000000001,27.72864000000001,26.983080000000008,26.983080000000008,95,99,91,91,3,3.0
198.84347999999994,38.80439999999999,37.36547999999999,31.926960000000005,59,127,125,103,3,3.0
92.46048,33.04872000000001,32.780519999999996,32.780519999999996,113,115,114,114,3,3.0
74.97059999999999,16.94412,16.94412,15.148079999999998,51,59,59,53,3,3.0
16.34688,16.34688,16.34688,16.34688,55,55,55,55,3,3.0
86.68607999999999,27.274320000000017,27.19944000000001,27.139320000000012,97,99,101,99,3,3.0
209.18987999999993,30.804119999999987,30.804119999999987,29.495519999999992,96,105,105,95,3,3.0
207.72503999999998,29.33927999999999,29.33927999999999,28.030679999999997,95,104,104,94,3,3.0
72.19679999999998,12.785039999999995,12.516839999999998,12.516839999999998,48,50,49,49,3,3.0
267.28908000000007,43.9902,42.91524000000002,30.09852,80,145,142,102,4,3.0
78.53675999999997,18.696240000000003,18.696240000000003,18.577080000000006,65,65,65,65,4,3.0
101.90004000000005,101.90004000000005,43.10964,42.32231999999999,149,149,155,148,4,3.0
136.749,17.849880000000006,17.568360000000006,17.568360000000006,56,58,56,56,4,3.0
77.16408000000003,116.13084,57.34044000000003,28.380600000000005,55,188,194,88,4,3.0
79.93787999999998,20.097360000000005,20.097360000000005,19.978200000000005,73,73,73,73,4,3.0
23.694119999999998,23.694119999999998,23.694119999999998,23.694119999999998,82,82,82,82,4,3.0
30.82751999999999,30.82751999999999,30.82751999999999,30.82751999999999,106,106,106,106,4,3.0
133.6728,15.53076,14.547959999999998,14.547959999999998,49,60,54,54,4,3.0
206.92044,87.19187999999998,27.45864,27.346679999999996,99,99,96,94,4,3.0
376.96392,139.75751999999994,79.97639999999997,17.556839999999983,58,64,65,67,5,3.0
75.64775999999999,16.486559999999997,15.764399999999997,15.764399999999997,58,59,57,57,5,3.0
502.1598,147.18143999999995,27.426240000000004,23.06808,80,94,97,88,5,3.0
78.63936000000002,183.71387999999996,120.45263999999997,34.442280000000004,63,215,202,123,5,3.0
22.528080000000003,22.528080000000003,22.528080000000003,22.528080000000003,83,83,83,83,5,3.0
436.3965600000001,140.94155999999995,79.95803999999997,17.53848,53,65,61,63,5,3.0
459.55787999999984,47.58335999999999,45.922320000000006,40.33332,131,158,154,142,5,3.0
143.67324,29.748599999999996,29.428919999999998,24.23951999999999,81,99,97,81,5,3.0
72.12804000000004,12.146400000000003,12.146400000000003,12.146400000000003,48,50,50,50,5,3.0
201.75011999999998,85.87068000000001,26.08955999999999,22.903199999999995,79,95,96,84,5,3.0
195.02567999999994,19.689119999999996,18.12636,15.768719999999997,53,69,64,58,6,3.0
279.7206,44.62308000000001,44.25192000000001,41.81724000000002,134,155,153,144,6,3.0
14.41368,14.41368,14.41368,14.41368,49,49,49,49,6,3.0
326.95536000000004,32.929560000000016,32.093280000000014,28.799640000000004,91,113,109,93,6,3.0
333.01523999999995,39.96936,38.48040000000001,34.092000000000006,117,139,133,117,6,3.0
201.14712,24.729839999999992,23.832359999999998,23.00616,72,86,82,80,6,3.0
145.01100000000002,27.357479999999992,26.98631999999999,26.339039999999994,81,87,85,82,6,3.0
141.75803999999994,24.138360000000002,22.575600000000005,22.515480000000007,69,82,77,77,6,3.0
131.86668,14.246999999999998,12.68424,12.457080000000003,41,54,49,48,6,3.0
331.6807199999999,37.527480000000025,36.65448000000002,33.46344000000001,110,131,128,114,6,3.0
146.87076000000013,28.06307999999999,28.06307999999999,27.36863999999999,98,97,97,96,7,3.0
72.12048,56.51747999999999,53.64864,51.24456000000001,47,193,176,171,7,3.0
15.535440000000001,15.535440000000001,15.535440000000001,15.535440000000001,50,50,50,50,7,3.0
13.78044,13.78044,13.78044,13.78044,42,42,42,42,7,3.0
276.47159999999997,37.83167999999999,37.83167999999999,37.13723999999999,124,128,128,127,7,3.0
272.24124000000006,35.383320000000005,33.84684,33.1524,115,122,115,114,7,3.0
288.28895999999986,49.64904,49.64904,48.95460000000001,171,175,175,174,7,3.0
146.85564000000002,28.90836000000001,27.371880000000008,27.371880000000008,87,89,82,82,7,3.0
77.34479999999999,18.67608,18.67608,17.580959999999994,55,60,60,56,7,3.0
216.3618,37.25063999999999,37.25063999999999,36.55619999999999,119,127,127,126,7,3.0
23.427000000000003,23.427000000000003,23.427000000000003,23.427000000000003,74,74,74,74,8,3.0
83.24196,23.35356,23.35356,23.35356,80,81,81,81,8,3.0
76.41744000000006,35.7606,35.2908,30.39912000000001,51,129,127,103,8,3.0
140.86920000000006,42.70679999999998,34.0416,25.309080000000005,69,156,121,86,8,3.0
82.61916000000004,41.96232000000001,33.29712000000001,24.352920000000005,76,154,119,81,8,3.0
259.30392,21.047760000000004,21.047760000000004,19.765439999999998,66,74,74,70,8,3.0
394.63883999999985,39.141,39.141,35.796959999999984,112,130,130,123,8,3.0
191.86704000000006,15.423120000000003,14.994720000000003,13.653720000000003,45,57,57,50,8,3.0
18.45288,18.45288,18.45288,18.45288,60,60,60,60,8,3.0
72.24540000000002,14.436,14.436,13.2732,40,48,48,42,8,3.0
23.808600000000002,23.808600000000002,23.808600000000002,23.808600000000002,84,84,84,84,9,3.0
135.36876,15.445799999999998,15.445799999999998,15.445799999999998,52,55,55,55,9,3.0
77.95715999999996,18.809640000000005,18.809640000000005,18.317520000000002,65,68,68,65,9,3.0
287.4454800000001,52.22267999999997,49.76459999999998,48.66443999999998,167,190,180,175,9,3.0
13.4748,13.4748,13.4748,13.4748,52,52,52,52,9,3.0
213.70824000000002,93.78528000000004,93.78528000000004,34.60607999999999,104,107,107,116,9,3.0
73.08923999999999,13.531679999999996,13.531679999999996,13.14144,49,50,50,50,9,3.0
77.20944000000004,21.669480000000004,21.669480000000004,17.555039999999995,55,67,67,53,9,3.0
73.24079999999998,15.325200000000004,15.325200000000004,14.103720000000001,46,54,54,52,9,3.0
86.1126,27.566280000000006,26.78796,26.69868,80,86,83,81,9,3.0
267.56124000000005,37.828440000000015,37.828440000000015,30.59568,90,126,126,99,0,3.5
196.01747999999998,17.251919999999995,16.661879999999993,16.661879999999993,58,59,58,58,0,3.5
138.20376000000002,19.464120000000005,19.464120000000005,19.464120000000005,59,60,60,60,0,3.5
281.24592,50.99831999999998,50.99831999999998,43.01135999999998,142,177,177,149,0,3.5
202.10507999999996,77.61527999999997,73.8648,35.76564,78,261,243,118,0,3.5
137.08884000000006,22.07736,21.59856,18.8568,52,68,66,55,0,3.5
91.19328,32.05944,32.05944,31.30524,109,112,112,111,0,3.5
345.7610399999999,57.32063999999999,56.32883999999999,48.341879999999996,159,207,202,174,0,3.5
201.03803999999994,23.573879999999985,23.573879999999985,23.573879999999985,72,77,77,77,0,3.5
254.16924,16.29648,16.29648,15.863039999999996,46,55,55,59,0,3.5
260.04983999999996,26.06292000000001,25.412040000000005,21.600359999999995,72,95,91,68,1,3.5
326.6976,30.356640000000002,29.782080000000004,28.742400000000004,95,101,100,92,1,3.5
213.84468000000004,97.86228,39.02003999999997,36.983879999999985,114,127,129,122,1,3.5
72.89988,72.89988,14.05764,14.05764,47,47,49,49,1,3.5
140.04660000000004,80.60748000000002,21.76524,21.76524,67,68,70,70,1,3.5
72.96792,72.96792,13.092839999999995,13.092839999999995,42,42,41,41,1,3.5
322.39992000000007,25.371720000000003,24.79716,23.75748,68,81,80,72,1,3.5
218.67768000000012,101.05224,41.559120000000014,40.87296000000002,133,144,142,133,1,3.5
253.38516,16.5528,15.747120000000002,13.893480000000004,47,54,47,46,1,3.5
74.98067999999999,16.75836,16.75836,15.144119999999997,45,54,54,45,1,3.5
259.23155999999994,22.991039999999998,21.875040000000002,21.0042,61,76,70,66,2,3.5
260.7921599999999,26.652960000000007,25.527600000000014,23.41980000000001,67,84,79,71,2,3.5
269.0012399999999,96.24552000000006,34.059960000000004,29.71943999999999,91,115,108,94,2,3.5
386.10756,29.21399999999999,29.21399999999999,27.20628,93,102,102,96,2,3.5
387.16632,30.68100000000001,32.060520000000004,28.31652,96,107,117,98,2,3.5
522.2546399999997,110.60736000000004,50.50008000000002,43.28171999999998,147,175,177,150,2,3.5
259.5983999999999,25.459200000000003,24.33384000000001,22.226040000000005,64,81,76,68,2,3.5
77.64864000000001,77.64864000000001,20.887559999999997,17.782919999999997,53,53,63,51,2,3.5
194.24016000000003,78.35136000000004,18.313919999999996,14.54364,52,66,67,52,2,3.5
327.23724,30.993119999999998,32.265719999999995,28.333799999999993,94,103,105,95,2,3.5
191.47427999999996,13.441319999999997,11.85732,11.556,47,56,48,44,3,3.5
134.69340000000003,76.98839999999998,75.34463999999998,16.415999999999997,48,52,46,51,3,3.5
200.66832,83.39711999999997,81.2454,22.479119999999998,77,84,73,80,3,3.5
134.97780000000003,17.443079999999995,17.443079999999995,15.155639999999995,49,55,55,51,3,3.5
134.19048,17.967959999999998,17.63604,14.621760000000004,50,59,57,50,3,3.5
133.79916,17.729640000000003,17.729640000000003,17.519760000000005,46,53,53,54,3,3.5
147.47988,89.77488000000001,87.95112000000002,29.18484,91,95,87,94,3,3.5
74.84568000000004,18.205560000000006,18.205560000000006,18.205560000000006,50,55,55,55,3,3.5
203.65596,29.68668000000001,28.97640000000001,25.638840000000002,81,102,95,89,3,3.5
384.56712000000016,90.79007999999999,88.63836,28.665720000000015,86,101,90,94,3,3.5
203.4431999999999,24.823079999999994,24.823079999999994,23.857919999999996,74,76,76,73,4,3.5
13.03992,13.03992,13.03992,13.03992,44,44,44,44,4,3.5
192.64752000000001,14.0274,14.0274,13.06224,43,45,45,42,4,3.5
453.0296400000001,217.81512000000018,155.60904,95.74943999999999,109,131,120,122,4,3.5
132.74364000000003,19.94256,19.94256,14.634360000000001,41,59,59,44,4,3.5
202.1363999999999,40.95504000000001,34.40340000000001,26.772840000000006,76,134,117,92,4,3.5
20.036519999999996,20.036519999999996,20.036519999999996,20.036519999999996,73,73,73,73,4,3.5
140.17368,21.890519999999995,21.195,20.60064,71,77,73,70,4,3.5
257.3854800000001,20.773439999999994,18.19404,17.684279999999998,60,71,59,54,4,3.5
21.029400000000003,21.029400000000003,21.029400000000003,21.029400000000003,70,70,70,70,4,3.5
71.15172000000001,12.069719999999997,11.433239999999998,11.433239999999998,40,47,43,43,5,3.5
204.7518000000001,26.801280000000002,26.550720000000002,25.56252,90,101,99,94,5,3.5
255.70140000000004,19.88675999999999,18.661319999999993,16.97508,59,75,70,62,5,3.5
140.73744000000002,22.35852,22.35852,21.37032,70,79,79,74,5,3.5
265.0624799999999,28.444320000000005,28.191600000000005,26.056439999999995,88,99,98,87,5,3.5
277.59228,41.35356000000001,41.103000000000016,38.68272,129,147,145,132,5,3.5
142.96332000000004,25.621560000000006,25.621560000000006,24.74388,80,91,91,87,5,3.5
277.92312000000004,42.6276,42.31512,39.63024000000001,129,146,143,132,5,3.5
145.85843999999992,25.897320000000008,25.897320000000008,25.897320000000008,92,92,92,92,5,3.5
145.58628000000002,28.24452,28.24452,27.36684,90,101,101,97,5,3.5
214.75511999999995,155.77139999999991,96.02916000000006,35.26919999999999,117,120,122,123,6,3.5
78.01295999999999,19.029240000000005,19.029240000000005,18.124920000000003,66,69,69,68,6,3.5
80.08188000000003,21.098160000000004,21.098160000000004,20.19384,70,73,73,72,6,3.5
70.57068000000001,10.766159999999998,10.698839999999997,10.698839999999997,44,44,44,44,6,3.5
130.36584000000002,11.485439999999997,11.485439999999997,11.108879999999997,41,43,43,41,6,3.5
200.25179999999997,82.08131999999999,82.08131999999999,21.29868,73,79,79,76,6,3.5
190.78127999999995,71.90087999999996,71.90087999999996,71.52431999999995,46,48,48,46,6,3.5
135.32735999999994,16.5204,16.5204,16.5204,49,54,54,54,6,3.5
143.3873999999999,84.40368000000004,84.40368000000004,23.64372,75,78,78,79,6,3.5
266.22959999999983,147.34919999999997,87.60696,27.374760000000002,92,94,96,96,6,3.5
206.53452000000013,28.20996,27.8658,27.3654,92,100,97,95,7,3.5
201.27923999999996,82.12703999999997,81.61151999999998,21.668760000000006,69,72,70,70,7,3.5
137.01396,17.915399999999998,17.915399999999998,17.07408,54,61,61,55,7,3.5
229.34052000000017,50.3784,50.03424000000001,50.03424000000001,167,170,167,167,7,3.5
196.59779999999998,17.745120000000007,17.745120000000007,17.15004,56,63,63,60,7,3.5
323.8787999999999,27.084960000000006,27.084960000000006,24.913080000000008,87,93,93,84,7,3.5
195.93648000000005,18.20376,18.20376,16.515719999999995,55,57,57,57,7,3.5
82.06620000000001,22.496040000000004,22.496040000000004,22.496040000000004,77,77,77,77,7,3.5
85.05996000000005,25.48979999999999,25.48979999999999,25.48979999999999,80,80,80,80,7,3.5
199.51416,20.348640000000007,20.004480000000008,20.004480000000008,69,73,70,70,7,3.5
72.28139999999998,13.169159999999996,13.169159999999996,12.395519999999998,44,48,48,44,8,3.5
71.39508000000001,13.32792,13.32792,11.72412,41,49,49,42,8,3.5
72.80339999999998,18.110160000000004,18.110160000000004,15.642359999999998,50,67,67,61,8,3.5
81.15396,21.639960000000006,21.431880000000007,21.374280000000006,71,75,74,72,8,3.5
23.524919999999998,23.524919999999998,23.524919999999998,23.524919999999998,83,83,83,83,8,3.5
148.6531200000001,30.123359999999998,30.123359999999998,29.10348,101,106,106,100,8,3.5
12.75588,12.75588,12.75588,12.75588,44,44,44,44,8,3.5
81.29903999999999,81.29903999999999,81.29903999999999,81.29903999999999,77,77,77,77,8,3.5
24.42636000000001,24.42636000000001,24.42636000000001,24.42636000000001,91,91,91,91,8,3.5
75.89256,16.489080000000005,16.489080000000005,15.915960000000002,53,55,55,53,8,3.5
321.33215999999993,85.04700000000003,84.01020000000004,82.35132000000002,73,84,80,72,9,3.5
194.72544000000008,18.102599999999995,17.263079999999995,15.604199999999999,56,65,61,53,9,3.5
192.22956000000005,17.260919999999995,16.696079999999995,13.218479999999998,40,62,57,46,9,3.5
17.786520000000003,17.786520000000003,17.786520000000003,17.786520000000003,61,61,61,61,9,3.5
463.29899999999986,109.09320000000005,107.54016000000004,47.46492000000001,149,169,167,158,9,3.5
326.43336,33.44292,31.183560000000003,30.086999999999996,84,110,102,103,9,3.5
12.693599999999998,12.693599999999998,12.693599999999998,12.693599999999998,45,45,45,45,9,3.5
134.35607999999996,16.43616,16.43616,14.772959999999996,50,60,60,55,9,3.5
23.1858,23.1858,23.1858,23.1858,71,71,71,71,9,3.5
263.1119999999999,25.910279999999993,23.99435999999999,23.708159999999992,76,89,79,77,9,3.5
520.7707199999998,46.490400000000015,44.54892,42.610679999999995,143,173,167,158,0,4.0
75.615,15.9066,15.9066,15.9066,56,55,55,55,0,4.0
141.42036000000002,22.240439999999996,22.240439999999996,22.183199999999996,75,75,75,70,0,4.0
584.2317599999996,51.11568000000002,48.39768000000001,46.4022,154,191,178,164,0,4.0
135.77556,76.50708000000002,16.94952,16.452360000000006,53,57,58,59,0,4.0
84.89543999999995,25.089120000000012,25.089120000000012,25.089120000000012,84,86,86,86,0,4.0
254.15339999999992,92.55803999999999,85.27884,17.288639999999997,52,103,91,61,0,4.0
322.5763199999999,26.5788,24.392160000000008,23.907960000000006,80,101,94,93,0,4.0
377.96471999999994,79.34783999999999,79.26648,78.78228,60,71,72,71,0,4.0
196.88903999999994,95.74044000000005,95.74044000000005,30.168000000000003,58,115,115,106,0,4.0
321.65040000000005,24.693839999999998,24.693839999999998,22.809600000000003,71,89,89,78,1,4.0
204.89400000000003,86.29475999999998,26.4726,25.627679999999994,86,92,92,87,1,4.0
206.73144000000005,88.13219999999998,28.31004,27.465120000000002,91,97,97,92,1,4.0
137.65440000000004,78.82872,19.006559999999997,18.16164,61,66,66,61,1,4.0
22.002480000000002,22.002480000000002,22.002480000000002,22.002480000000002,71,71,71,71,1,4.0
76.87499999999999,17.081280000000007,17.081280000000007,16.903440000000003,53,56,56,54,1,4.0
201.9610799999999,23.533560000000005,23.533560000000005,22.982760000000003,78,87,87,83,1,4.0
199.54836,82.14539999999997,81.51755999999997,21.23244,69,78,71,73,1,4.0
137.76851999999994,132.20879999999997,71.83836000000001,35.43372000000001,65,249,246,120,1,4.0
24.63876000000001,24.63876000000001,24.63876000000001,24.63876000000001,83,83,83,83,1,4.0
202.63284000000007,59.094720000000045,54.84240000000002,31.316039999999997,74,205,179,99,2,4.0
71.60028,63.73224000000003,63.11052000000002,39.15,40,222,211,131,2,4.0
204.47783999999996,69.40403999999997,69.55631999999997,28.706759999999996,83,234,234,91,2,4.0
72.79296,13.365720000000001,13.365720000000001,13.2642,47,49,49,43,2,4.0
77.4312,18.515519999999995,18.901079999999997,18.28368,56,59,61,59,2,4.0
78.63431999999999,19.20708,19.20708,19.10556,66,68,68,62,2,4.0
138.9529200000001,46.16856000000003,45.25704000000002,21.81636000000001,62,160,150,70,2,4.0
340.8153599999999,42.766560000000005,42.57396000000001,41.72903999999999,140,153,152,147,2,4.0
268.38923999999986,30.731040000000004,30.629519999999996,29.53764,97,109,103,98,2,4.0
132.89448,56.78280000000003,54.87084000000001,41.57927999999998,43,198,180,132,2,4.0
267.91044,39.98844,40.19328,29.385,94,125,133,92,3,4.0
201.48012,24.688440000000007,24.338160000000002,23.045400000000004,81,94,97,92,3,4.0
25.702920000000006,25.702920000000006,25.702920000000006,25.702920000000006,93,93,93,93,3,4.0
85.00164,25.233480000000004,25.233480000000004,25.233480000000004,83,87,87,87,3,4.0
71.35224000000001,11.780280000000001,11.780280000000001,11.39112,46,50,50,46,3,4.0
204.13728000000003,33.369839999999996,33.94008,29.55852000000001,75,106,107,96,3,4.0
203.99976,84.34716000000002,25.504920000000006,25.504920000000006,80,82,84,84,3,4.0
14.34852,14.34852,14.34852,14.34852,52,52,52,52,3,4.0
210.2547600000001,90.34224000000005,31.5,31.5,106,110,112,112,3,4.0
205.83360000000002,85.92108000000005,27.078840000000007,27.078840000000007,90,94,96,96,3,4.0
457.5386399999999,52.62228,49.63572000000001,40.440239999999996,127,183,168,134,4,4.0
78.06804,78.06804,78.06804,18.20664,54,54,54,62,4,4.0
75.64308000000001,16.594920000000002,16.594920000000002,15.742439999999998,59,63,63,55,4,4.0
392.87087999999994,47.80655999999998,45.653759999999984,34.66583999999999,110,164,154,115,4,4.0
387.81288,40.34664000000001,38.19384,29.530800000000003,100,140,130,101,4,4.0
203.4608400000001,35.65404,33.501239999999996,24.838199999999993,81,124,114,85,4,4.0
391.8052799999998,39.384359999999965,39.384359999999965,32.53823999999999,103,128,128,103,4,4.0
81.40271999999999,22.779719999999998,22.56084,21.70836,70,75,77,69,4,4.0
71.98331999999998,12.072599999999998,12.072599999999998,12.057839999999999,41,42,42,43,4,4.0
193.59036000000003,15.208560000000002,15.208560000000002,14.166360000000001,46,53,53,48,4,4.0
272.8741199999999,34.699679999999994,34.463519999999995,33.4206,112,123,122,116,5,4.0
201.75155999999996,84.15708000000001,83.01984000000002,24.05699999999999,71,84,77,86,5,4.0
74.48459999999997,15.154199999999998,15.154199999999998,14.9526,46,47,47,45,5,4.0
258.91835999999995,22.04136,21.599280000000004,19.612080000000002,69,78,76,66,5,4.0
320.60963999999984,24.45948000000001,24.27228000000001,22.505760000000006,72,89,89,78,5,4.0
12.39012,12.39012,12.39012,12.39012,45,45,45,45,5,4.0
137.00783999999996,18.119159999999987,17.94743999999999,17.42687999999999,59,66,67,67,5,4.0
147.72036000000006,30.11040000000001,28.324800000000003,27.921240000000004,96,103,95,93,5,4.0
81.57300000000001,22.242600000000007,22.242600000000007,22.041000000000004,71,72,72,70,5,4.0
140.24891999999997,21.360239999999997,21.205439999999992,20.667959999999994,68,75,76,76,5,4.0
324.76872000000003,31.050720000000002,30.132000000000005,25.755480000000006,90,105,102,93,6,4.0
204.30972,26.430120000000006,25.3242,24.837480000000006,86,88,87,84,6,4.0
317.433,27.544679999999993,27.544679999999993,19.456559999999993,61,98,98,67,6,4.0
327.25271999999995,32.71356,31.794840000000008,27.853920000000006,99,110,107,104,6,4.0
69.297,9.468000000000004,9.468000000000004,9.468000000000004,40,40,40,40,6,4.0
262.7365199999999,84.85692000000006,83.75100000000003,83.26428000000006,82,84,83,80,6,4.0
461.9785199999999,48.41855999999999,47.499839999999985,42.924239999999976,149,166,163,155,6,4.0
71.31408000000002,11.83428,11.35296,11.35296,46,48,46,46,6,4.0
132.92580000000004,15.26652,15.26652,13.623840000000001,51,55,55,49,6,4.0
131.48184,13.17096,12.132,12.132,45,51,47,47,6,4.0
131.74175999999997,16.164720000000003,16.164720000000003,13.150440000000001,43,54,54,47,7,4.0
378.37511999999987,31.163759999999993,31.163759999999993,25.90344,63,105,105,89,7,4.0
137.79444000000004,21.687840000000005,21.687840000000005,18.673559999999995,57,65,65,58,7,4.0
628.1365200000004,75.80519999999994,73.33199999999998,38.37456000000001,103,250,249,133,7,4.0
138.73764000000003,21.19536,19.61424,19.410839999999997,64,73,69,69,7,4.0
206.85312000000005,30.551039999999993,28.766519999999996,27.62532,93,104,100,97,7,4.0
281.71212000000014,48.10788,46.33236000000002,42.36408,142,160,161,145,7,4.0
381.0711600000001,79.23167999999997,73.88783999999995,32.36544,70,253,245,110,7,4.0
19.869119999999988,19.869119999999988,19.869119999999988,19.869119999999988,62,62,62,62,7,4.0
211.33080000000004,35.028719999999986,32.102999999999994,32.102999999999994,110,121,114,114,7,4.0
203.00796000000005,31.192199999999996,29.157120000000003,24.87888,77,107,101,88,8,4.0
633.5361599999999,105.89999999999999,42.75216000000002,35.10971999999999,112,154,138,127,8,4.0
198.93744,20.51316000000001,20.51316000000001,19.77804000000001,70,76,76,75,8,4.0
378.2969999999999,82.95504000000001,19.8072,18.691920000000003,60,80,64,65,8,4.0
318.51336,82.72428000000004,19.32587999999999,18.839879999999994,69,88,70,68,8,4.0
263.59943999999996,28.924559999999992,28.924559999999992,23.983919999999998,79,92,92,87,8,4.0
12.412799999999997,12.412799999999997,12.412799999999997,12.412799999999997,43,43,43,43,8,4.0
823.9887599999998,236.32740000000015,170.90184000000008,105.00828,153,197,172,165,8,4.0
137.23644000000004,23.662440000000007,21.830759999999998,19.18332,56,86,80,71,8,4.0
386.2213199999999,32.940360000000005,32.596920000000004,27.886680000000002,88,111,109,95,8,4.0
257.61155999999994,21.120839999999998,20.719800000000003,19.573200000000007,59,70,68,65,9,4.0
257.0182799999999,79.25963999999996,78.85859999999997,19.18512,55,62,60,67,9,4.0
633.5523599999998,41.505479999999984,100.93848000000007,35.462880000000006,112,138,140,121,9,4.0
704.4711599999998,55.01987999999998,55.47131999999997,47.28060000000001,150,183,184,160,9,4.0
638.2683599999997,46.22147999999998,105.6544800000001,40.178879999999985,133,159,161,142,9,4.0
383.1191999999999,29.11068,28.664279999999998,24.16536,84,105,103,85,9,4.0
265.96392,96.02412000000004,55.20636000000001,31.74192,85,113,182,105,9,4.0
579.9682799999998,45.75888,44.262719999999995,42.16607999999999,135,154,154,147,9,4.0
193.43627999999998,83.01048,81.32784000000001,33.57612000000001,46,74,68,110,9,4.0
266.77139999999997,31.115519999999993,30.669119999999992,27.248039999999992,93,111,109,95,9,4.0
134.19335999999998,16.763400000000004,16.763400000000004,15.202800000000002,45,54,54,54,0,4.5
323.31359999999995,85.14492000000001,24.859800000000007,23.799600000000005,85,84,91,85,0,4.5
448.5739200000001,33.04116,33.04116,29.864880000000007,101,124,124,108,0,4.5
135.22007999999994,75.5592,75.57072,15.57072,45,46,49,50,0,4.5
134.20487999999997,74.47164000000001,14.462639999999997,14.411159999999995,48,45,50,51,0,4.5
438.97056,149.97755999999998,25.603920000000002,21.444119999999998,69,102,89,70,0,4.5
632.3384399999999,224.07084000000006,38.18592,35.27064000000001,112,149,127,116,0,4.5
197.86176000000003,19.672919999999994,19.178999999999995,18.631439999999994,61,64,62,60,0,4.5
14.021640000000005,14.021640000000005,14.021640000000005,14.021640000000005,48,48,48,48,0,4.5
500.27016000000003,85.14384000000001,84.98651999999998,82.46976000000001,72,89,88,74,0,4.5
72.17484,12.435119999999998,12.435119999999998,12.435119999999998,40,40,40,40,1,4.5
465.39131999999967,227.57292000000015,107.18772000000001,47.701800000000006,161,170,169,174,1,4.5
199.81584,87.45143999999998,27.38844,25.629479999999997,64,90,88,82,1,4.5
265.72632,93.45624000000001,92.26212000000001,88.74744,78,107,101,84,1,4.5
526.6664399999997,288.8480400000002,109.05252000000004,49.566599999999994,163,172,176,181,1,4.5
198.21672,139.25964,79.04940000000003,19.56708,66,72,71,72,1,4.5
325.37568,147.55440000000004,86.95031999999999,27.46440000000001,91,99,97,102,1,4.5
196.02396000000007,138.04500000000002,76.89155999999998,17.110079999999993,54,67,49,56,1,4.5
199.37520000000004,200.12976000000003,140.04840000000002,21.78576000000001,69,73,74,79,1,4.5
401.35319999999984,223.53192000000018,103.14672000000002,43.660800000000016,142,150,149,154,1,4.5
383.55984,146.66376000000002,84.91704,84.51888,74,83,78,79,2,4.5
566.01972,153.11316,147.93672000000004,87.58823999999998,90,109,94,95,2,4.5
261.9319199999999,26.606880000000004,26.505360000000003,24.343200000000003,79,98,97,88,2,4.5
202.14000000000001,35.220240000000004,27.95256,24.33024,79,120,96,85,2,4.5
631.3145999999999,276.66132,95.23283999999998,92.72832,103,121,116,113,2,4.5
262.1101200000001,28.176480000000005,22.74516,22.346999999999998,72,88,71,72,2,4.5
194.70348,17.57916,17.57916,15.883919999999998,53,60,60,54,2,4.5
252.26664000000002,138.66924000000006,18.751320000000003,13.66848,44,71,69,54,2,4.5
448.4356800000001,94.02072,89.70863999999999,29.042279999999987,94,107,95,95,2,4.5
432.7713600000001,135.64452,135.09804,74.23728,45,53,51,53,2,4.5
137.38224,20.923920000000003,20.923920000000003,18.248040000000007,57,71,71,61,3,4.5
140.53872000000004,23.23404000000001,22.105440000000012,21.71592000000001,67,80,74,72,3,4.5
16.134479999999996,16.134479999999996,16.134479999999996,16.134479999999996,53,53,53,53,3,4.5
255.72732,19.62396000000001,19.62396000000001,16.42176,52,69,69,57,3,4.5
210.25008000000014,33.238440000000004,32.00724,31.617720000000006,99,103,97,95,3,4.5
132.27059999999997,14.847480000000004,14.847480000000004,12.660480000000003,42,49,49,40,3,4.5
259.68588,25.54128,25.54128,21.225960000000008,69,88,88,74,3,4.5
201.4074,25.533360000000005,24.30216000000001,23.261040000000005,79,88,82,77,3,4.5
132.09527999999997,13.425839999999997,13.425839999999997,12.317039999999995,43,49,49,41,3,4.5
138.04283999999996,18.636120000000002,18.636120000000002,18.261720000000004,66,69,69,67,3,4.5
251.47644,74.95188,61.16976,48.141360000000006,45,60,203,156,4,4.5
267.8146799999998,91.33583999999999,90.42935999999999,30.52548,91,104,97,96,4,4.5
72.04236,72.04236,12.220200000000002,12.220200000000002,45,45,45,45,4,4.5
132.95748,15.458039999999999,15.458039999999999,14.115239999999998,41,49,49,40,4,4.5
329.10492,91.98564,32.16348,30.6036,101,113,113,103,4,4.5
135.12756000000007,17.62812,17.62812,16.402319999999996,48,56,56,49,4,4.5
385.2050400000001,207.1638,86.20979999999999,26.910719999999998,90,99,90,91,4,4.5
460.0489199999997,163.95024000000006,102.72984,43.09992,139,156,147,146,4,4.5
263.64084,26.521559999999994,26.521559999999994,24.961679999999994,79,91,91,81,4,4.5
195.95915999999997,76.6356,69.72228000000004,40.90319999999999,56,61,230,140,4,4.5
255.14916,195.81876,136.69536000000002,46.178280000000015,43,44,49,140,5,4.5
452.1897599999999,97.09907999999999,38.46600000000002,32.76504000000001,111,123,128,121,5,4.5
253.68899999999994,134.68763999999996,55.272960000000005,45.936000000000014,47,51,179,147,5,4.5
130.87812,79.48032000000002,15.872399999999999,12.246479999999998,46,84,70,52,5,4.5
314.3658,21.667679999999994,21.487679999999994,15.66468,46,72,70,52,5,4.5
253.61267999999998,18.19368,18.19368,14.212799999999993,44,57,57,53,5,4.5
265.42212,30.373920000000002,30.373920000000002,25.73496,85,97,97,91,5,4.5
191.62188,83.04252000000004,18.606600000000004,15.220440000000002,41,86,68,52,5,4.5
450.3058799999999,95.2152,36.58212,30.881160000000005,105,117,122,115,5,4.5
193.07771999999997,133.74731999999997,74.62392000000001,50.813640000000014,41,42,47,161,5,4.5
458.2816799999998,42.91668000000001,42.340320000000006,39.35448,132,154,152,135,6,4.5
134.86656000000005,16.65468,16.07832,15.201360000000001,51,58,56,51,6,4.5
209.61612,79.95491999999994,78.14051999999998,35.842679999999994,102,271,259,119,6,4.5
139.40759999999992,22.222439999999995,21.8214,19.407600000000002,65,74,72,67,6,4.5
75.48684000000002,16.003079999999997,15.92316,15.627599999999997,51,54,56,53,6,4.5
140.67732,24.44868,23.471279999999997,21.477960000000007,70,83,79,70,6,4.5
266.47116,29.189159999999994,28.612799999999993,27.256319999999988,96,107,105,95,6,4.5
12.441960000000002,12.441960000000002,12.441960000000002,12.441960000000002,43,43,43,43,6,4.5
192.2778,64.2114,60.96096000000001,56.02788,46,231,209,183,6,4.5
132.52403999999996,15.338880000000003,14.937840000000001,13.491720000000003,42,51,49,42,6,4.5
190.90547999999998,120.59411999999998,115.10411999999998,73.73651999999996,46,215,186,52,7,4.5
198.44784,83.66532,78.9108,78.9108,65,87,65,65,7,4.5
446.47943999999995,94.80983999999998,92.75423999999997,29.68056,94,125,115,99,7,4.5
459.6579599999999,44.97623999999998,41.08031999999998,41.08031999999998,135,166,148,148,7,4.5
265.45488,30.848399999999998,26.09388,26.09388,89,113,91,91,7,4.5
392.6134799999999,41.522759999999984,33.51059999999998,33.51059999999998,113,159,122,122,7,4.5
205.66152000000014,28.51488,27.47268,27.459,81,94,88,87,7,4.5
261.22272000000004,23.89103999999999,23.89103999999999,22.602959999999992,70,86,86,78,7,4.5
586.3474799999998,54.20807999999999,47.87711999999998,47.613599999999984,164,200,177,171,7,4.5
376.89227999999997,81.32027999999997,84.31043999999996,78.28295999999997,58,74,77,59,7,4.5
72.10536,12.363119999999993,12.363119999999993,12.137759999999995,43,45,45,44,8,4.5
137.37144,79.82916000000003,18.425880000000003,18.19836,64,73,69,67,8,4.5
399.5848799999999,103.21584,40.75020000000001,40.52484000000001,135,151,142,141,8,4.5
199.95876,82.82508000000004,21.421799999999994,21.087359999999997,73,82,78,76,8,4.5
76.40232000000005,16.9326,16.5546,16.49268,55,58,56,57,8,4.5
145.61436000000006,86.04456000000005,25.87823999999999,25.87823999999999,92,95,92,92,8,4.5
199.98899999999995,83.95836000000003,82.37724000000003,27.581760000000006,67,83,79,95,8,4.5
200.85515999999998,28.616400000000013,28.19232000000001,22.22064,72,93,91,72,8,4.5
279.61476000000016,103.03296000000002,40.61808,40.61808,132,147,137,137,8,4.5
338.1452399999997,41.58359999999999,40.79952,39.17160000000001,129,138,134,133,8,4.5
77.73612,20.193839999999998,18.612719999999996,18.098999999999997,57,66,62,65,9,4.5
205.32204000000013,87.09828000000002,87.02303999999998,27.057959999999998,92,98,97,98,9,4.5
198.42948,79.14551999999999,20.222999999999995,18.83196000000001,60,62,67,61,9,4.5
392.0417999999998,34.912440000000004,34.912440000000004,32.80392,100,111,111,101,9,4.5
262.42259999999993,86.97264000000001,84.80256,24.837480000000003,74,90,88,89,9,4.5
443.4190799999999,27.083160000000003,25.779960000000006,24.852240000000005,83,95,93,85,9,4.5
384.23375999999996,27.52019999999999,27.195839999999993,25.087319999999995,78,87,86,76,9,4.5
134.7204,75.34896,75.34896,75.0498,49,49,49,49,9,4.5
387.38987999999983,89.15856,89.15856,28.23659999999999,92,98,98,91,9,4.5
326.30411999999995,87.04571999999999,87.04571999999999,27.080639999999992,95,97,97,98,9,4.5
79.17684000000001,19.64052,19.64052,19.275839999999995,63,65,65,62,0,5.0
313.44131999999996,16.702920000000006,16.702920000000006,14.271839999999997,50,64,64,52,0,5.0
194.15088000000006,15.89004,15.89004,15.256800000000002,52,57,57,56,0,5.0
262.1389200000001,31.645440000000004,31.145760000000006,27.01223999999999,75,110,108,83,0,5.0
389.45627999999994,105.50975999999997,47.54304,33.11639999999999,102,155,153,111,0,5.0
78.50903999999997,20.849760000000003,20.849760000000003,18.68112,64,68,68,65,0,5.0
72.71087999999996,75.00551999999996,19.338120000000004,13.701599999999997,42,51,60,45,0,5.0
331.14432000000016,39.36599999999999,38.43684,33.063840000000006,111,139,133,114,0,5.0
453.3464399999998,97.46808000000001,37.674359999999986,34.66655999999999,112,131,134,117,0,5.0
252.38255999999996,28.69740000000001,28.69740000000001,15.75792,47,90,90,47,0,5.0
198.35747999999998,20.70072,20.50632,19.96776,67,72,78,76,1,5.0
279.7645200000001,41.18939999999998,40.42295999999999,40.42295999999999,136,139,136,136,1,5.0
330.09672,35.10396000000001,33.34356000000001,32.06556000000001,106,124,115,108,1,5.0
73.44096,13.734359999999997,13.734359999999997,13.734359999999997,51,51,51,51,1,5.0
139.61496,20.289240000000003,19.93499999999999,19.93499999999999,65,67,66,66,1,5.0
274.5675600000001,38.87855999999999,37.61243999999999,36.19259999999999,117,132,127,116,1,5.0
130.88604,11.560319999999994,11.206079999999996,11.206079999999996,41,43,42,42,1,5.0
386.60004,29.347200000000008,28.935000000000006,27.37044,93,100,98,93,1,5.0
145.17516000000003,29.79900000000001,29.49588000000001,26.490600000000008,82,98,96,85,1,5.0
140.99376,21.615840000000002,21.615840000000002,21.615840000000002,75,76,76,76,1,5.0
273.8680799999999,96.74879999999997,37.10916,36.494640000000004,114,123,123,121,2,5.0
281.6959200000001,46.65348,44.76203999999999,43.625159999999994,145,160,150,146,2,5.0
259.40904,31.084919999999993,27.9792,24.63876,65,101,92,77,2,5.0
209.3814000000001,32.66603999999999,31.56371999999999,30.426839999999984,98,109,103,99,2,5.0
73.23576000000001,58.91796,56.57508000000001,25.73496,42,196,186,82,2,5.0
201.03227999999993,64.02888000000002,61.94880000000001,34.237439999999985,70,221,213,115,2,5.0
206.03916,35.87831999999999,32.06988,30.111120000000003,92,122,111,100,2,5.0
340.84235999999987,47.0988,45.99647999999999,42.20855999999999,137,161,155,139,2,5.0
199.92671999999993,68.12676000000005,66.04668000000004,35.91611999999999,70,236,228,120,2,5.0
259.06812,29.208959999999998,26.7822,23.441759999999995,69,99,92,77,2,5.0
85.10639999999997,86.19359999999996,28.588320000000017,26.771760000000008,84,91,97,92,3,5.0
131.38644000000002,73.45931999999999,73.45931999999999,71.95847999999998,41,51,51,43,3,5.0
269.25323999999995,36.209520000000005,32.631119999999996,30.304800000000004,100,128,114,101,3,5.0
12.58632,12.58632,12.58632,12.58632,40,40,40,40,3,5.0
267.55764000000005,92.45004000000002,90.01787999999999,89.19240000000002,101,121,110,105,3,5.0
444.31908,29.203200000000002,27.6984,26.69508,89,110,99,95,3,5.0
265.06608000000006,27.47988,26.686079999999997,26.607239999999994,85,93,88,86,3,5.0
142.15224,22.155120000000004,22.155120000000004,22.155120000000004,73,73,73,73,3,5.0
24.163199999999996,24.163199999999996,24.163199999999996,24.163199999999996,76,76,76,76,3,5.0
12.4092,12.4092,12.4092,12.4092,42,42,42,42,3,5.0
198.57996,19.29564,19.29564,19.048320000000004,61,66,66,66,4,5.0
272.8737599999999,34.689600000000006,33.450120000000005,33.450120000000005,106,109,106,106,4,5.0
146.11440000000007,86.64612000000001,26.732160000000007,26.671680000000006,84,87,87,80,4,5.0
204.36840000000004,27.312120000000004,25.801920000000003,25.74144,86,99,94,87,4,5.0
196.13411999999997,20.444400000000005,18.77328,18.47556,53,68,60,56,4,5.0
402.6743999999998,104.64792000000001,43.49448000000002,43.49448000000002,146,149,146,146,4,5.0
259.0738799999999,82.99932,42.85836,26.92404000000001,66,82,146,87,4,5.0
140.00052000000005,81.58308,21.291119999999992,20.526119999999995,67,76,74,70,4,5.0
267.1627199999998,28.978560000000005,27.739080000000012,27.69048000000001,92,95,92,90,4,5.0
81.37572,21.5946,21.5946,21.5946,67,68,68,68,4,5.0
252.81060000000005,18.521280000000004,15.654960000000003,14.456880000000002,50,73,62,58,5,5.0
191.16180000000003,16.58664,12.522240000000004,12.522240000000004,42,63,48,48,5,5.0
133.94712000000004,80.69244000000002,22.06260000000001,16.40843999999999,44,63,63,44,5,5.0
15.629759999999997,15.629759999999997,15.629759999999997,15.629759999999997,50,50,50,50,5,5.0
74.52564,16.61112,16.61112,15.424559999999994,49,57,57,53,5,5.0
131.56427999999994,12.251159999999995,12.228840000000002,11.889720000000004,41,43,41,40,5,5.0
333.18803999999994,157.59300000000007,36.78623999999999,35.3466,111,124,117,110,5,5.0
403.32815999999997,167.95200000000008,46.94471999999999,45.70559999999999,146,160,150,146,5,5.0
193.61988000000002,76.08372000000003,16.182719999999996,14.935679999999996,45,50,49,48,5,5.0
395.96291999999994,220.55364000000006,99.36060000000008,98.12148,123,137,126,122,5,5.0
262.09896000000003,140.10179999999994,76.41071999999996,35.47116000000001,74,275,254,119,6,5.0
265.54344000000015,91.33079999999997,29.649600000000003,26.730360000000005,88,111,100,91,6,5.0
503.7754800000001,274.4460000000002,209.3527200000001,92.87232,79,314,290,114,6,5.0
137.06148,21.947039999999998,21.21192,17.84484,59,76,72,61,6,5.0
331.0309200000001,39.83688,36.38664000000001,35.465040000000016,110,146,123,123,6,5.0
635.3638799999998,163.35911999999996,101.16600000000001,38.06028000000002,120,142,138,123,6,5.0
73.46400000000001,75.06924000000001,75.06924000000001,14.793120000000004,43,47,47,46,6,5.0
580.3804799999997,168.31200000000004,106.11888000000003,43.09272,140,162,158,155,6,5.0
254.38956000000007,77.46216,77.08416,16.02036,49,58,56,58,6,5.0
327.22860000000003,151.14684000000008,150.2479200000001,28.95984,93,110,100,105,6,5.0
325.13376,207.03276000000008,87.29052000000006,28.60559999999999,85,87,92,92,7,5.0
195.88319999999993,82.49928000000003,23.375880000000002,22.93596,50,61,66,65,7,5.0
84.61932000000003,84.61932000000003,26.585279999999987,26.19683999999999,75,75,82,78,7,5.0
131.12363999999997,13.54248,13.54248,12.22704,45,52,52,51,7,5.0
401.5295999999999,224.2364400000001,104.72135999999998,44.275680000000015,143,148,151,146,7,5.0
277.43387999999993,157.70208000000002,99.6576,39.277800000000006,129,132,138,134,7,5.0
202.51404,22.997880000000002,22.997880000000002,22.677480000000003,75,79,79,75,7,5.0
196.18631999999997,78.5868,78.5868,16.740720000000003,57,65,65,59,7,5.0
79.51488000000002,79.51488000000002,21.48084,21.092399999999998,63,63,70,66,7,5.0
257.64612000000005,21.169440000000005,21.169440000000005,21.169440000000005,59,64,64,64,7,5.0
255.84756000000002,79.39644000000001,77.85888,17.606160000000003,52,61,57,50,8,5.0
407.23415999999986,49.82436,48.75551999999999,48.517199999999995,163,171,169,161,8,5.0
73.67640000000003,14.244839999999998,13.987799999999998,13.889519999999997,45,49,47,43,8,5.0
131.71511999999993,77.25299999999999,77.25299999999999,19.110600000000005,40,54,54,77,8,5.0
135.18768000000003,16.68528,15.610319999999998,15.610319999999998,47,52,48,48,8,5.0
136.93367999999998,18.422279999999994,17.56187999999999,17.38403999999999,57,61,58,57,8,5.0
75.08651999999996,15.755399999999998,15.755399999999998,15.28092,52,56,56,50,8,5.0
145.29071999999996,25.88184,25.88796,25.63271999999999,83,86,88,85,8,5.0
73.01472000000001,14.53248,14.088239999999999,14.088239999999999,42,45,42,42,8,5.0
403.68671999999975,46.25963999999997,45.19079999999996,44.952479999999966,153,163,161,153,8,5.0
259.7801999999999,83.62859999999999,23.63579999999999,21.513599999999993,67,83,82,71,9,5.0
71.05056000000002,11.50056,11.43864,11.43864,43,44,45,45,9,5.0
70.84536000000003,12.19212,11.156039999999999,11.156039999999999,48,54,48,48,9,5.0
198.44567999999995,22.29408,22.082399999999996,19.9602,68,84,82,71,9,5.0
334.15607999999986,96.414,36.133200000000016,34.98480000000002,113,124,124,122,9,5.0
328.38347999999985,90.17016000000001,29.889360000000003,28.74096,98,103,103,101,9,5.0
323.9295599999999,87.62387999999997,27.63108,25.341839999999994,77,89,88,80,9,5.0
257.631,80.64600000000002,80.58408000000001,17.875080000000008,58,64,65,62,9,5.0
259.5731999999998,99.84012,38.881079999999976,21.434399999999997,65,131,127,76,9,5.0
259.4958,80.22731999999999,20.008439999999997,20.008439999999997,70,71,70,70,9,5.0
